id,first_name,last_name,gender,eye_colour,age,university,latitude,longitude,language
1,Fedora,Mullenger,F,Maroon,38,London School of Business & Finance,41.8,-92.496,Greek
2,Nikolai,Hamilton,M,Red,42,Ecole Supérieure de Commerce de Toulouse,40.393,-93.645,Armenian
3,Davey,Wilbore,M,Aquamarine,45,Wayland Baptist University,40.441,-92.792,Tamil
4,Bevon,Maureen,M,Goldenrod,22,Kyoto Prefectural University of Medicine,43.305,-90.243,Guaraní
5,Meyer,Gartenfeld,M,Red,30,Kaluga State Pedagogical University,43.436,-95.995,Dhivehi
6,Bunny,Howgill,F,Puce,26,University of Texas at El Paso,42.435,-94.637,German
7,Adriena,Dionisetto,F,Goldenrod,26,Southampton Solent University,43.301,-92.013,Luxembourgish
8,Becka,Janca,F,Red,40,Jaramogi Oginga Odinga University of Science and Technology,40.421,-94.821,English
9,Alec,Hallin,M,Crimson,23,Mawlana Bhashani Science And Technology University,43.7,-91.015,Dhivehi
10,Fred,Heales,M,Orange,24,Alhamd Islamic University,43.138,-94.813,Kannada
11,Keelia,Allard,F,Mauv,24,Ecole Supérieure de Commerce de Dijon,40.404,-91.714,Dari
12,Ealasaid,Swinnard,F,Blue,31,Ecole des Hautes Etudes Commerciales du Nord,43.015,-91.952,Thai
13,Harris,Braganca,M,Fuscia,21,South Gujarat University,43.368,-95.429,Fijian
14,Sandro,Martonfi,M,Yellow,25,Université Centrale,41.236,-90.425,Quechua
15,Britte,Franzolini,F,Mauv,41,Laikipia University,42.366,-93.842,Greek
16,Desi,Branson,M,Blue,31,American Indian College,42.975,-94.782,Swedish
17,Rowan,Mossman,M,Pink,21,Mahatma Phule Agricultural University,42.32,-94.7,Yiddish
18,Babs,Chasmor,F,Crimson,41,Theatre Academy Finland,42.396,-96.235,Hungarian
19,Minnnie,Janse,F,Khaki,23,Universidad Nacional de San Juan,42.532,-92.29,Spanish
20,Darrell,Limon,M,Orange,28,Shanghai Maritime University,41.146,-90.833,Greek
21,Shane,Legate,M,Orange,42,Drzavni Univerzitet u Novom Pazaru,43.311,-92.488,Lao
22,Marji,Brettor,F,Red,22,Guangzhou Academy of Fine Art,40.462,-95.149,Zulu
23,Lalo,MacMenemy,M,Pink,32,Universidad de Viña del Mar,42.948,-90.564,Kurdish
24,Filmore,Jzak,M,Crimson,36,Central Methodist College,40.766,-95.376,Fijian
25,Tracey,Giamo,F,Red,21,Panjab University,42.758,-95.431,Tamil
26,Brand,Gossop,M,Goldenrod,31,Kurashiki University of Science and the Arts,43.039,-91.179,Punjabi
27,Russ,Riepel,M,Pink,35,Avondale College,42.393,-95.79,English
28,Denice,Khidr,F,Yellow,23,Universitas Ma Chung,42.212,-94.525,Hiri Motu
29,Diahann,Dorracott,F,Red,21,Universitas Semarang,40.096,-95.735,Montenegrin
30,Waiter,Hendrichs,M,Crimson,20,Western Delta University,42.189,-92.553,Zulu
31,Aubine,Children,F,Mauv,21,University of Texas at Dallas,42.033,-94.666,Kyrgyz
32,Allis,Poole,F,Pink,25,China Medical University Shenyang,42.355,-90.467,Swati
33,Jehu,Mc Caughan,M,Goldenrod,34,Hochschule für Politik (HFP),43.552,-95.322,Kannada
34,Karil,Jeans,F,Orange,34,University of Munawwar-ul-Islam,43.587,-95.928,Maltese
35,Ardelia,Station,F,Teal,30,"Institute of Classical Studies, University of London",43.185,-96.084,Dari
36,Mercedes,Herries,F,Red,40,Universidad del Sinú,40.86,-96.617,Tajik
37,Tedie,McGilvra,M,Blue,34,International School of Management in Prešov,41.732,-90.717,Malayalam
38,Glenden,Scandred,M,Pink,23,Western Delta University,43.878,-94.078,Kurdish
39,Daphne,Lymer,F,Orange,33,St. Anne University,43.557,-91.331,Māori
40,Ephrem,Tourmell,M,Green,36,University of Hyderabad,41.748,-92.944,Georgian
41,Nicolais,Bruyns,M,Aquamarine,22,The University of Nottingham Ningbo China,42.575,-91.378,Georgian
42,Tedd,Shepcutt,M,Teal,25,Université François Rabelais de Tours,41.507,-94.901,Tsonga
43,Johnathan,Kedie,M,Turquoise,27,Odessa National Academy of Food Technologies,41.811,-91.008,Bulgarian
44,Yves,Moger,M,Goldenrod,25,Doshisha University,40.136,-91.163,Northern Sotho
45,Alvie,Medlar,M,Khaki,27,Mekelle University,42.435,-90.088,Norwegian
46,Kelbee,Dankersley,M,Blue,22,University of Sint Eustatius School of Medicine,43.146,-92.749,Filipino
47,Mattias,Kubasiewicz,M,Pink,39,National University,41.212,-95.408,Amharic
48,Cherise,Costelloe,F,Blue,31,Hochschule Magdeburg-Stendal (FH),41.037,-91.803,Telugu
49,Brodie,Mathon,M,Goldenrod,32,University of North Carolina at Pembroke,41.635,-96.787,Gagauz
50,Hubey,Rattrie,M,Khaki,27,Escuela Politécnica Nacional,41.561,-91.065,Indonesian
51,Katrina,Talbot,F,Puce,24,Wiley College,40.217,-90.553,Irish Gaelic
52,Katusha,Mount,F,Maroon,24,Technical University of Timisoara,42.357,-96.288,Amharic
53,Andreas,Braithwaite,M,Blue,25,University of Arkansas at Little Rock,42.859,-94.53,Papiamento
54,Reba,MacGragh,F,Turquoise,45,Avila College,42.985,-93.674,Romanian
55,Brade,Coppenhall,M,Fuscia,31,Fachhochschule Burgenland,43.752,-96.4,Bengali
56,Dee dee,Rapson,F,Teal,27,European Carolus Magnus University,40.8,-92.802,Icelandic
57,Tildi,Lightowlers,F,Teal,33,Qassim University,42.429,-92.217,Swahili
58,Guglielmo,Meneyer,M,Goldenrod,23,"Ecole Nationale Supérieure en Electrotechnique, Electronique, Informatique et Hydraulique de Toulouse",41.525,-94.784,Romanian
59,Clarinda,Weatherall,F,Turquoise,26,European University Portugal,43.894,-95.133,French
60,Cedric,Kenington,M,Aquamarine,22,Drexel University,42.16,-92.437,Montenegrin
61,Ode,Prestner,M,Violet,37,Institute of Information Technology,43.163,-92.413,Oriya
62,Oliviero,Hubbucks,M,Orange,30,Mennonite College of Nursing,40.771,-96.224,Tetum
63,Lorianna,Chard,F,Khaki,44,West Texas A&M University,40.961,-91.261,Luxembourgish
64,Katha,Cardoo,F,Mauv,43,Western Kentucky University,42.854,-92.484,Dutch
65,Emmalyn,Roe,F,Aquamarine,42,Turkish Military Academy,40.207,-92.326,Korean
66,Dianna,Kingsly,F,Red,36,Instituto Universitario de Estudios Navales y Marítimos,41.425,-96.63,Marathi
67,Mark,Pittet,M,Goldenrod,42,Duale Hochschule Baden-Württemberg,43.755,-95.676,Chinese
68,Beverley,Torregiani,F,Yellow,29,Trinity International University,43.378,-95.571,Sotho
69,Win,Elderbrant,M,Teal,33,Virginia Union University,43.171,-96.418,Gujarati
70,Lila,McLane,F,Puce,20,Hochschule Zittau/Görlitz (FH),40.932,-95.664,Italian
71,Beatrisa,Steffan,F,Maroon,41,Armstrong University,40.432,-91.748,Northern Sotho
72,Vale,MacDermot,M,Green,44,Irkutsk State University,43.713,-92.707,Japanese
73,Catlin,Donahue,F,Yellow,32,Mekelle University,43.854,-92.223,Montenegrin
74,Wenona,Rabjohns,F,Fuscia,21,Université de Sfax,42.043,-92.536,Polish
75,Walt,Brownrigg,M,Turquoise,32,China Medical University Shenyang,43.069,-94.228,Tajik
76,Gay,MacNaughton,M,Maroon,26,Dicle (Tirgris) University,42.959,-90.687,French
77,Dulce,McGrotty,F,Indigo,33,Alfred Adler Graduate School,42.49,-92.437,Belarusian
78,Raimund,Cona,M,Violet,25,Universidad Regional Miguel Hidalgo,42.559,-91.593,Luxembourgish
79,Johnathon,Kyd,M,Fuscia,40,"Skyline University College, Sharjah",40.09,-90.131,English
80,Auberta,Cometto,F,Violet,21,Universidad de Camagüey,41.122,-90.832,Georgian
81,Johan,Mercey,M,Indigo,24,Gondar University,40.178,-96.567,Chinese
82,Mina,Otto,F,Orange,31,University of Aberdeen,40.286,-91.562,Yiddish
83,Dew,Potts,M,Indigo,23,Batchelor Institute of Indigenous Tertiary Education,43.594,-90.478,Punjabi
84,Henriette,Ville,F,Crimson,44,Illinois Institute of Technology,43.083,-90.656,Telugu
85,Frederigo,Arnison,M,Violet,39,University of Texas Medical Branch Galveston,41.678,-92.02,Chinese
86,Torre,Emmatt,M,Khaki,44,Shawnee State University,42.706,-91.826,Greek
87,Dannye,Aidler,F,Purple,31,Vitebsk State Technological University,42.345,-96.08,Icelandic
88,Tannie,Jays,M,Blue,31,Princeton University,42.821,-95.811,Gujarati
89,Berty,Gaitung,F,Puce,21,Universidad Odontológica Dominicana,43.22,-93.228,Dzongkha
90,Rosene,Clancy,F,Mauv,25,Albright College,41.621,-90.711,Punjabi
91,Edd,Rarity,M,Aquamarine,29,Madhya Pradesh Bhoj (Open) University,42.145,-91.991,Czech
92,Brandy,Brandino,M,Crimson,41,Universidad Antonio de Nebrija,41.186,-90.504,Greek
93,Grady,Alvy,M,Goldenrod,24,Minot State University,41.74,-90.655,Arabic
94,Gretna,Daldan,F,Red,20,Université Jean Monnet,40.112,-90.047,Danish
95,Diahann,Huey,F,Teal,26,Instituto Universitario de Ciencias de la Salud Fundación H.A. Barceló,41.772,-94.898,Telugu
96,Alfreda,Tellesson,F,Khaki,33,Comrat State University,43.448,-92.997,Swedish
97,Hazel,Lammers,F,Purple,41,University of Calabria,41.936,-92.449,Māori
98,Blakelee,O'Shea,F,Green,20,Govind Ballabh Pant University of Agriculture and Technology,42.634,-92.887,Kurdish
99,Lillis,Renneke,F,Violet,31,Humboldt Universität Berlin,40.475,-90.757,German
100,Ewart,Rapport,M,Maroon,20,Wolaita Sodo University,42.997,-93.692,Tajik
101,Robenia,Phuprate,F,Blue,41,American University,41.246,-90.691,Portuguese
102,Clare,Clatworthy,F,Red,35,San Francisco State University,40.498,-96.859,Lithuanian
103,Isabeau,Moxon,F,Green,34,Fachhochschule Kärnten,43.762,-91.841,Croatian
104,Bryn,Shipp,F,Puce,43,University of Liberia,42.077,-92.563,Malay
105,Rufe,Baurerich,M,Blue,21,Nanjing Forestry University,42.885,-90.804,Hindi
106,Hyacintha,De Vere,F,Mauv,40,University of Bolton,42.571,-96.619,Tok Pisin
107,Blanch,Longdon,F,Puce,32,Polotsk State University,41.133,-95.471,Mongolian
108,Kata,Gosneye,F,Aquamarine,43,Albany Law School,41.09,-96.408,Afrikaans
109,Philbert,Hinkens,M,Fuscia,37,Tokai Gakuen University,40.533,-90.325,Swahili
110,Schuyler,Rubbens,M,Mauv,30,Universidad Nacional de Río Cuarto,41.798,-95.924,Macedonian
111,Taylor,Hawker,M,Yellow,25,Tezpur University,43.486,-95.294,Montenegrin
112,Christina,Torres,F,Aquamarine,24,Ulaanbaatar University,43.658,-96.151,Danish
113,Les,Moorton,M,Purple,43,Darul Huda Islamic University,42.969,-91.61,Yiddish
114,Shela,Nelles,F,Mauv,41,Hokuriku University,42.707,-92.975,Malay
115,Madelle,Bytheway,F,Fuscia,37,Fachhochschule Gießen-Friedberg,43.057,-92.823,Tswana
116,Beatrix,Berston,F,Khaki,28,Post University of Waterbury,43.29,-91.095,Croatian
117,Winifred,Ackerley,F,Yellow,30,University of Applied Sciences Chur,41.305,-93.315,Bulgarian
118,Duff,Fabb,M,Purple,26,Evangel University,41.836,-95.993,Oriya
119,Chelsy,Vinnicombe,F,Khaki,40,Kobe Design University,41.63,-94.33,Indonesian
120,Ivie,Drakes,F,Red,23,Cyryx College,40.417,-94.931,Luxembourgish
121,Alister,Fattorini,M,Maroon,25,Pázmány Péter Catholic University,42.924,-91.525,Malayalam
122,Jenn,Wildman,F,Violet,42,Perm State Technical University,43.382,-96.184,Kyrgyz
123,Humbert,Bartolomeu,M,Khaki,44,Antioch University Seattle,40.603,-91.965,Czech
124,Janna,Kopta,F,Khaki,30,Mount Senario College,40.761,-92.583,Croatian
125,Laurence,Waller,M,Crimson,37,Viterbo State University,42.821,-91.936,Assamese
126,Bonny,Verdie,F,Khaki,20,Korea National University of Physical Education,42.148,-94.818,Tswana
127,Rollo,McGaugan,M,Fuscia,38,Golestan University of Medical Sciences,42.046,-90.538,Thai
128,Chris,Room,M,Pink,26,"Universidad de Guanajuato, Campus León",42.982,-91.042,Sotho
129,Ber,Kops,M,Blue,22,Kobe University,43.463,-91.728,Danish
130,Mohammed,Kunze,M,Violet,42,Tokushima Bunri University,40.035,-94.139,Kurdish
131,Gaelan,Thebe,M,Red,35,Université Montesquieu (Bordeaux IV),42.439,-93.069,Moldovan
132,Albert,Raitie,M,Blue,44,Pak-AIMS (American Institute of Management Sciences),41.349,-93.396,Arabic
133,Robbie,Holton,F,Maroon,44,Naval Postgraduate School,43.439,-90.809,Aymara
134,Blanche,Loram,F,Teal,39,Universidad de La Salle,41.456,-94.875,Romanian
135,Standford,Bondar,M,Green,38,University of the Philippines Mindanao,41.847,-96.352,Bulgarian
136,Noni,Raspin,F,Indigo,33,Milwaukee Institute of Art and Design,42.766,-94.088,Gagauz
137,Darbie,McInility,F,Mauv,38,Wako University,43.976,-95.217,Thai
138,Nalani,Shrieve,F,Green,27,University of Windsor,41.148,-92.957,Italian
139,Jacklyn,Rubertis,F,Turquoise,31,Coleman College,41.131,-96.08,Italian
140,Kasey,Deignan,F,Violet,33,St. Anthony College of Nursing,41.394,-94.506,Fijian
141,Marlyn,Rudiger,F,Indigo,27,Chung Shan Medical and Dental College,41.354,-90.265,German
142,Nikoletta,Ramlot,F,Khaki,26,Universidad de Sonsonate,40.411,-95.835,Irish Gaelic
143,Vernen,Eisikowitch,M,Teal,29,"Indian Institute of Management, Tiruchirappalli",40.31,-95.642,Belarusian
144,Rafa,Shekle,F,Green,43,Polytechnic Institute of Bari,43.507,-93.117,Mongolian
145,Keven,Mealham,M,Goldenrod,31,Universidade de Uberaba,40.846,-95.586,Icelandic
146,Gray,Neligan,M,Khaki,21,Southern Nazarene University,43.817,-90.655,Persian
147,Cathi,Walker,F,Crimson,44,Kherson State University,41.781,-93.265,Greek
148,Monika,Peeter,F,Green,35,Kadir Has University,43.374,-91.144,Lao
149,Carree,Taillard,F,Goldenrod,21,Medizinische Universität Graz,43.045,-90.083,Amharic
150,Doralyn,Zanelli,F,Aquamarine,22,Hongik University,41.813,-96.146,Persian
151,Graehme,Osmar,M,Yellow,35,University of Arkansas at Fayetteville,41.71,-96.523,Bosnian
152,Wilburt,Walas,M,Puce,41,Royal Danish School of Educational Sciences,42.43,-95.716,Icelandic
153,Obediah,Hanford,M,Purple,44,University of Sydney,42.812,-91.631,Norwegian
154,Ardelis,Emblin,F,Turquoise,25,National Tainan Teachers College,41.199,-96.06,Bislama
155,Dix,Terlinden,F,Mauv,20,University College of Borås,42.272,-95.005,Afrikaans
156,Odetta,McComish,F,Yellow,26,Wuhan Automobile Polytechnical University,40.599,-92.968,Armenian
157,Hubey,Harland,M,Orange,30,Mid-America Nazarene University,40.517,-93.688,Azeri
158,Violette,Pragnall,F,Green,30,Université Catholique de Bukavu,42.809,-94.268,Tamil
159,Pate,Arnold,M,Blue,22,Jawaharlal Nehru Agricultural University,41.694,-95.73,Kurdish
160,Roberto,Warland,M,Indigo,28,University of Pittsburgh at Greensburg,42.77,-93.317,Assamese
161,Hardy,Trime,M,Purple,36,Central University for Nationalities,42.855,-94.51,Kashmiri
162,Bondie,Blackwood,M,Indigo,32,Transport and Telecommunication Institute,40.29,-91.841,Malay
163,Tucker,Carmel,M,Teal,20,Arkansas State University,43.399,-91.615,Amharic
164,Noland,Dewhurst,M,Blue,38,Universitas Komputer Indonesia,42.45,-92.488,Dhivehi
165,Merwyn,Boothby,M,Khaki,23,Al Muthanna University,42.588,-93.122,Maltese
166,Grete,Grimes,F,Purple,23,Universitas Janabadra,42.23,-92.864,Chinese
167,Brantley,Hutcheson,M,Yellow,24,Sulaimani Polytechnic University,42.291,-90.085,Georgian
168,Dennie,Bratley,M,Turquoise,42,Technical University of Gdansk,42.427,-93.232,Kazakh
169,Lilli,Yapp,F,Maroon,24,St. Clair College,40.112,-95.939,Dzongkha
170,Shane,Rolfs,M,Goldenrod,32,Nanjing Agricultural University,42.884,-92.39,Armenian
171,Gabriell,Naden,F,Mauv,35,Pikeville College,41.853,-92.971,Tswana
172,Maje,Muspratt,M,Pink,38,Ufa State Petroleum Technological University,41.585,-90.019,Catalan
173,Salomo,Gaiter,M,Aquamarine,37,Tobb Economics and Technology University,41.303,-91.212,Punjabi
174,Emory,Giraux,M,Goldenrod,38,Guangxi Normal University,41.613,-95.809,Tswana
175,Glenden,Garbar,M,Green,34,Universität Regensburg,41.62,-92.22,Tswana
176,Bail,Castelli,M,Pink,32,Helwan University,40.748,-91.711,Oriya
177,Cozmo,Renney,M,Aquamarine,38,Principia College,40.824,-90.595,Malayalam
178,Rosalynd,Pennycock,F,Indigo,21,University Lucian Blaga of Sibiu,42.823,-93.44,Sotho
179,Babara,Ledes,F,Indigo,21,Tabriz University,41.266,-95.962,Aymara
180,Essy,Simonetto,F,Yellow,20,Kansas City Art Institute,43.092,-94.133,Belarusian
181,Beverie,Askem,F,Turquoise,37,Balamand University,43.215,-94.631,Dari
182,Maggie,Kovnot,F,Red,37,Aomori University of Health and Welfare,41.308,-92.316,Italian
183,Angy,Kerwood,F,Orange,31,Hochschule Fulda,43.619,-93.57,Japanese
184,Sim,Youell,M,Red,45,Dadabhoy Institute of Higher Education,41.867,-92.488,Hindi
185,Gayle,Albasiny,M,Violet,30,Guangzhou Normal University,42.614,-93.555,Assamese
186,Etti,Van der Merwe,F,Indigo,36,Argosy University,41.878,-94.675,Amharic
187,Rhody,Vondra,F,Green,33,Universitas Negeri Gorontalo,43.974,-93.446,Northern Sotho
188,Quentin,Syers,M,Red,24,Volyn National University Lesja Ukrainka,40.572,-93.795,Moldovan
189,Marijo,Skaife d'Ingerthorpe,F,Green,40,"Fachhochschule Schwäbisch Hall, Hochschule für Gestaltung",40.842,-94.505,Filipino
190,Witty,Concklin,M,Violet,24,Christian Brothers University,43.188,-90.589,Tok Pisin
191,Patrizius,Davidovits,M,Maroon,21,Tokyo Woman's Christian University,40.508,-90.619,Polish
192,Ginny,Eivers,F,Orange,34,Scandinavian Art and Business Institute,41.85,-92.398,Pashto
193,Tye,Morfield,M,Maroon,36,Ungku Omar Premier Polytechnic,41.589,-92.927,German
194,Louisette,Slowgrave,F,Purple,33,Centenary College,43.072,-92.429,Oriya
195,Quent,Kield,M,Orange,36,North Carolina Wesleyan College,43.131,-95.536,Italian
196,Winn,McWhan,M,Blue,44,Franklin Pierce College,43.34,-96.201,Amharic
197,Lon,Frusher,M,Teal,21,University of Vermont,41.509,-90.35,Swati
198,Abbot,Carstairs,M,Purple,31,Beijing University of Agriculture,42.085,-91.563,Kazakh
199,Shaylah,Oliver,F,Purple,34,University of New Orleans,40.531,-90.301,Luxembourgish
200,Fiona,Mowsdale,F,Violet,28,"California State University, Fresno",40.914,-96.448,Sotho
201,Barthel,Spiller,M,Turquoise,30,University of Science and Technology,42.195,-95.733,Filipino
202,Kirsti,Mathy,F,Yellow,40,University of Northumbria at Newcastle,41.13,-94.07,Kyrgyz
203,Darrell,Habbijam,M,Crimson,27,Howard Payne University,42.513,-95.908,Hungarian
204,Jae,Jillitt,M,Yellow,27,Kota Bharu Polytechnic,41.527,-96.938,New Zealand Sign Language
205,Alic,Boarder,M,Khaki,35,Adygeja State University,40.97,-91.985,Kurdish
206,Willi,Hellewell,F,Indigo,45,St. George's University,40.564,-95.547,Finnish
207,Kristina,Mullarkey,F,Turquoise,45,University of Victoria,43.678,-94.35,Macedonian
208,Jena,Eubank,F,Orange,35,Alagappa University,42.9,-94.568,Quechua
209,Otha,Farfalameev,F,Teal,32,Karachi Institute Of Economics And Technology,41.8,-92.358,Latvian
210,Arvie,Di Maria,M,Khaki,33,Maldives National University,41.178,-94.595,Macedonian
211,Lyda,Willmot,F,Teal,38,Southwestern University,42.529,-96.64,Swati
212,Dana,Oke,F,Blue,22,Siberian State University of Telecommunications and Informatics,42.222,-91.688,Dutch
213,Thedrick,Barck,M,Orange,36,National Taipei University,43.405,-91.922,Ndebele
214,Boniface,Coath,M,Crimson,39,Montana Tech,41.971,-94.789,Kazakh
215,Parsifal,Geer,M,Purple,25,Institut National des Télécommunications,41.995,-91.733,Japanese
216,Zach,Guppey,M,Turquoise,27,University of Nizwa,42.391,-91.909,Dzongkha
217,Virgina,Fricker,F,Pink,33,Ecole Normale Supérieure de Fontenay-Saint Cloud,43.687,-95.489,Haitian Creole
218,Hamilton,Mitrovic,M,Puce,27,Massachusetts College of Liberal Arts,42.493,-96.782,Portuguese
219,Salim,Mayling,M,Indigo,26,Sido Kanhu Murmu University,41.838,-94.748,Tetum
220,Avram,Freeman,M,Pink,21,Université de Cergy-Pontoise,41.328,-92.604,German
221,Alyosha,Bedo,M,Red,22,Aarhus School of Business,40.313,-96.109,Estonian
222,Filip,Drydale,M,Pink,35,St Theresa's Medical University,43.064,-95.897,Albanian
223,Janek,Doumenc,M,Violet,36,Thiel College,40.303,-91.701,Guaraní
224,Barbey,Derricoat,F,Yellow,27,Fisher College,42.326,-96.499,Assamese
225,Moina,Dryburgh,F,Purple,22,Universidad Libre de Colombia,42.862,-91.783,Burmese
226,Trumaine,Rutgers,M,Turquoise,35,American Business & Technology University,41.271,-96.753,Tok Pisin
227,Janette,Mundie,F,Green,36,Madison University (Distance Education),42.921,-90.359,Italian
228,Hali,Laxton,F,Blue,40,"Rajasthan Agricultural University, Bikaner",43.487,-91.815,Chinese
229,Patric,Blasdale,M,Maroon,37,Universidad Maritima de Chile,40.559,-96.329,Nepali
230,Thornie,Selvester,M,Blue,42,University of Kent at Canterbury,41.447,-93.821,Tajik
231,Gerardo,Pennacci,M,Red,40,Warnborough University,43.271,-90.473,Czech
232,Stanley,Vardie,M,Maroon,27,Dirección General de Institutos Tecnológicos,42.733,-94.993,Gujarati
233,Fedora,Harry,F,Turquoise,33,ABM University College,42.161,-90.314,New Zealand Sign Language
234,Miriam,Kester,F,Red,36,Kamalolmolk Art & Architecture Higher Education Institute of Noshahr,42.043,-96.244,Malay
235,Leila,Liepins,F,Puce,38,Barkatullah University,42.557,-93.005,West Frisian
236,Dew,Romand,M,Maroon,37,Umaru Musa Yar'Adua University ,42.753,-92.947,Māori
237,Ginnifer,Shoebrook,F,Turquoise,26,Universidad Tecnológica América,41.269,-96.011,Italian
238,Lonnard,Forrester,M,Red,34,ifs University College,43.743,-94.368,Hindi
239,Corina,Tondeur,F,Red,28,Beykent University,41.719,-91.255,Luxembourgish
240,Dodie,Blaylock,F,Maroon,22,Simpson College Iowa,43.244,-95.154,Punjabi
241,Merci,Burgin,F,Blue,43,Rafsanjan University of Medical Sciences,43.883,-94.325,Belarusian
242,Miriam,Popworth,F,Orange,31,European Management School,42.134,-92.741,Malay
243,Midge,Giovani,F,Puce,39,Ludong University,42.604,-95.128,Belarusian
244,Candie,Deeprose,F,Teal,21,Sahand University of Technology,43.811,-93.256,Malay
245,Hector,Russel,M,Fuscia,24,Universidad Católica Tecnológica del Cibao,40.737,-93.893,Danish
246,Fremont,Roadknight,M,Aquamarine,29,Cihan University,43.517,-94.18,Japanese
247,Lawrence,Dockrey,M,Pink,22,Otani University,40.343,-94.935,Māori
248,Magdaia,Ketts,F,Khaki,40,University of Cambridge,41.633,-96.32,Swahili
249,Bebe,Hanwell,F,Indigo,38,Universidad Dr. Rafael Belloso Chacín,41.141,-96.848,Kannada
250,Leslie,Jencken,F,Khaki,42,Centro de Estudios Avanzados de Puerto Rico y el Caribe,40.664,-94.218,Macedonian
251,Arleyne,Lassey,F,Blue,27,Mandalay Technological University,42.272,-92.666,Estonian
252,Javier,Simeoli,M,Turquoise,37,Norton University,43.507,-96.079,Bosnian
253,Stern,Maxweell,M,Fuscia,36,Korea Maritime University,41.487,-96.766,Albanian
254,Levi,Rundle,M,Goldenrod,21,"Johns Hopkins University, SAIS Bologna Center",42.134,-95.11,Swati
255,Dita,Zoren,F,Pink,40,Excel College,43.157,-91.086,Pashto
256,Glynis,Ewart,F,Mauv,44,Hochschule Magdeburg-Stendal (FH),42.878,-94.926,Hungarian
257,Windham,Errol,M,Blue,44,Staatlich anerkannte Fachhochschule für Kunsttherapie,40.971,-91.472,Portuguese
258,Pennie,Pollastrone,F,Purple,45,Pjatigorsk State Linguistic University,41.304,-95.664,Japanese
259,Lisha,Rodgerson,F,Green,45,Hvanneyri Agricultural University,41.882,-93.439,Māori
260,Ralf,Marchent,M,Turquoise,41,The Southern Christian University,41.22,-96.828,Italian
261,Umeko,Turfus,F,Purple,24,Catholic University of Pusan,43.079,-94.307,Marathi
262,Ruggiero,Teaze,M,Mauv,45,"Fachhochschule Kempten, Hochschule für Technik und Wirtschaft",42.02,-92.231,Arabic
263,Galven,Cannam,M,Orange,45,Khabarovsk State Academy of Economics and Law,43.486,-96.504,Polish
264,Eberto,Mushet,M,Blue,38,Universidade Metodista de Piracicaba,40.625,-92.907,Armenian
265,Muffin,Handford,M,Goldenrod,38,Kuwait International Law School,43.722,-91.051,Assamese
266,Jamie,Skentelbery,M,Crimson,39,Covenant College,40.088,-92.258,Moldovan
267,Aeriel,Folkes,F,Puce,22,LungHwa University of Science and Technology,42.578,-96.974,Assamese
268,Cecil,Orrett,M,Fuscia,30,First Nations University of Canada,41.3,-93.285,Malagasy
269,Ralf,Ziemke,M,Puce,23,Shanghai Lida Polytechnic Institute,40.259,-94.729,Gagauz
270,Westley,Filippo,M,Green,26,Universidad Católica de Honduras,40.725,-95.917,Albanian
271,Della,Legonidec,F,Pink,20,Yashawantrao Chavan Maharashtra Open University,43.223,-94.329,Nepali
272,Annora,Timmis,F,Orange,32,Universidad Politécnica Salesiana,42.535,-91.436,Zulu
273,Vivian,Bowell,F,Green,29,Universitas Negeri Gorontalo,43.66,-93.281,Macedonian
274,Orlando,Belson,M,Blue,30,Academia de Studii Economice din Bucuresti,42.8,-95.422,Fijian
275,Ben,Mcwhinnie,M,Purple,32,University of Limpopo,43.741,-92.486,Filipino
276,Cordi,Dood,F,Crimson,21,Kobe University of Mercantile Marine,43.476,-90.021,Macedonian
277,Perceval,Passey,M,Pink,33,Universität für Bodenkultur Wien,43.901,-96.642,Pashto
278,Bard,Hallede,M,Mauv,33,Centre d'Etudes Supérieures des Techniques Industrielles,41.895,-94.159,Nepali
279,Wilma,Champagne,F,Puce,31,University of Bialystok,40.925,-92.404,French
280,Levey,Simmons,M,Teal,43,Cornell University,42.029,-90.435,Kyrgyz
281,Elenore,Kupisz,F,Yellow,23,University of Social Welfare and Rehabilitation Scinences,40.978,-92.597,Nepali
282,Cecil,Pennone,M,Khaki,24,Jönköping University College,43.977,-90.442,Macedonian
283,Nola,Flintiff,F,Goldenrod,29,Adventist University of the Philippines,43.319,-96.494,Persian
284,Arlinda,Margetson,F,Crimson,27,Azerbaijan Toursim Institute,43.793,-96.085,Persian
285,Alvira,Hedon,F,Purple,33,University of Johannesburg,42.35,-96.951,Tsonga
286,Elisabeth,Greeson,F,Green,27,Université Lumiére (Lyon II),41.299,-90.675,Dhivehi
287,Harwell,Laviste,M,Purple,28,Technical University of Sofia,41.934,-90.475,Georgian
288,Cindy,Chat,F,Fuscia,30,Technological University (Taunggyi),41.809,-93.824,Bengali
289,Scottie,Glitherow,M,Green,28,Universidad Metropolitana,43.782,-95.025,Khmer
290,Margarette,Saintsbury,F,Orange,27,Cagayan State University,43.49,-92.457,Romanian
291,Lin,Bramford,M,Pink,38,St. Petersburg State Cinema and TV University,43.014,-93.057,Croatian
292,Milicent,Paraman,F,Fuscia,34,Northern Arizona University,42.654,-92.858,Kashmiri
293,Fania,Hadgraft,F,Mauv,30,Ecole Nationale Supérieure de Chimie de Montpellier,42.39,-90.304,Kannada
294,Burtie,Shout,M,Fuscia,36,Alexandria University,43.127,-96.575,Afrikaans
295,Darline,Giffard,F,Puce,43,Indiana University - Southeast,40.403,-90.663,Estonian
296,Teador,Fettis,M,Khaki,29,Universidade Regional Integrada do Alto Uruguai e das Missões,41.897,-92.163,Dzongkha
297,Sanders,Vallerine,M,Fuscia,40,Mount St. Mary's College California,42.552,-95.36,Spanish
298,Annabelle,Sumshon,F,Turquoise,29,Pacific College of Oriental Medicine,40.817,-91.48,Icelandic
299,Zondra,Gurry,F,Turquoise,35,"The Maryland Institute, College of Art",40.237,-94.285,Kazakh
300,Concettina,Dowtry,F,Orange,24,Bahria University,41.158,-96.343,Arabic
301,Gottfried,Faichnie,M,Maroon,28,Tongji University,43.416,-93.194,Bulgarian
302,Viki,Rase,F,Fuscia,31,Xuzhou Normal University,41.46,-92.665,Kazakh
303,Hadleigh,Riediger,M,Red,44,Osaka Institute of Technology,41.429,-96.15,Macedonian
304,L;urette,Piffe,F,Maroon,45,Institute of Science and Technology,43.331,-90.811,Dari
305,Stace,Vaan,F,Indigo,35,Kaluga State Pedagogical University,41.509,-95.889,Telugu
306,Feodor,Dinley,M,Orange,33,College of Europe,43.758,-91.568,Bislama
307,Adina,McFadin,F,Red,43,National Yunlin University of Science and Technology,43.043,-90.495,Tamil
308,Jandy,Fairbrace,F,Aquamarine,28,Xi'an Highway University,42.351,-94.87,Somali
309,Donnell,Law,M,Teal,43,Palawan State University,41.202,-95.906,Kazakh
310,Ole,Keijser,M,Khaki,35,Universitas Swadaya Gunung Djati,43.63,-96.302,New Zealand Sign Language
311,Sandy,Tomkies,F,Teal,28,Nanjing University of Chemical Technology,43.957,-93.079,Dutch
312,Sax,Ksandra,M,Yellow,32,Universidad Regional Miguel Hidalgo,42.786,-95.527,Quechua
313,Olivie,Tuffley,F,Aquamarine,29,Oklahoma Baptist University,41.581,-90.878,Somali
314,Pearl,Dunabie,F,Khaki,38,Université de Tunis,41.338,-93.421,Oriya
315,Mitzi,Gammill,F,Teal,25,"Islamic Azad University, Shabestar",41.464,-91.958,Malayalam
316,Tim,Elion,M,Aquamarine,43,Denison University,43.122,-95.723,Hebrew
317,Waylon,Earry,M,Fuscia,37,Karpagam University,40.35,-92.211,Norwegian
318,Allegra,Dabner,F,Crimson,27,Centro Universitário Newton Paiva,42.144,-90.157,Aymara
319,Maude,Lathleiffure,F,Goldenrod,21,Marymount College New York,40.134,-94.796,Marathi
320,Jordain,Crofthwaite,F,Teal,35,International College of Tourism and Hotel Management,42.219,-92.404,Dari
321,Gare,Guarnier,M,Pink,37,Isik University,40.909,-94.165,Telugu
322,Melissa,Leamon,F,Turquoise,44,Universidade Autónoma de Lisboa Luís de Camoes,43.921,-92.497,Dutch
323,Sephira,Bysouth,F,Violet,31,Naval Postgraduate School,41.131,-91.092,Mongolian
324,Rhea,Blakes,F,Purple,26,Hellenic Army Academy,41.533,-90.696,Icelandic
325,Rand,Batteson,M,Turquoise,45,Hawaii Pacific University,41.669,-94.826,Malagasy
326,Monte,Timmons,M,Goldenrod,38,Graduate School of Business Administration Zurich (GSBA Zurich),42.607,-95.534,Moldovan
327,Nancee,Bonnier,F,Red,28,Swinburne University of Technology,42.73,-91.774,Afrikaans
328,Livy,Stilgo,F,Fuscia,20,Semnan University,41.212,-94.073,Kyrgyz
329,Jacobo,Pantin,M,Teal,40,College of Education Oju,42.244,-93.556,Finnish
330,Hortense,Ninnotti,F,Blue,45,Science University of Tokyo,40.239,-92.321,English
331,Ramsey,Carbery,M,Teal,20,Shri Mata Vaishno Devi University,43.242,-93.102,Lao
332,Brittany,Verrier,F,Purple,23,Wayo Women's University,41.604,-95.793,Malagasy
333,Glendon,Bernolet,M,Goldenrod,21,Katharine Gibbs School,40.196,-93.363,West Frisian
334,Natalya,Stirrip,F,Goldenrod,43,"Fachhochschule Nürtingen, Hochschule für Wirtschaft, Landwirtschaft und Landespflege",43.276,-95.952,Kazakh
335,Korey,Dunlap,M,Red,34,Grove City College,40.349,-91.323,Gagauz
336,Upton,Byatt,M,Teal,44,Darul Quran Islamic College University,40.21,-94.856,Filipino
337,Tess,Whipp,F,Maroon,27,Université de Tunis El Manar,43.709,-92.837,Zulu
338,Sherwood,Croft,M,Green,22,Christian-Albrechts-Universität Kiel,43.012,-95.315,Hebrew
339,Harmonie,Bunny,F,Teal,32,The Juilliard School,42.602,-93.346,Hungarian
340,Roman,Coaker,M,Teal,43,University of the Sacred Heart Tokyo,42.951,-90.495,Persian
341,Bekki,Alyoshin,F,Turquoise,28,University of Wollongong - Dubai Campus,41.755,-93.802,Malay
342,Keene,Mocker,M,Indigo,38,Florida Gulf Coast University,43.62,-93.229,Armenian
343,Claudia,Shearston,F,Red,45,Grodno State University Yanka Kupaly,43.625,-91.841,Tamil
344,Edgar,Wem,M,Mauv,32,Technical University of Czestochowa,43.407,-96.471,Swedish
345,Coralyn,Claworth,F,Red,39,Feng Chia University,40.479,-94.914,Danish
346,Clayborn,Werner,M,Red,45,"Jain University, Centre for Management Studies",40.666,-92.822,Tok Pisin
347,Deane,Lathaye,M,Yellow,37,Tenri University,40.943,-91.427,Quechua
348,Joel,Brand,M,Violet,32,Hawler Medical University,40.563,-94.909,Bengali
349,Boonie,Nolte,M,Blue,37,Vaasa University of Applied Sciences,43.829,-90.722,Italian
350,Arlina,Pitherick,F,Turquoise,32,Faculdades Integradas do Brasil - UNIBRASIL,41.539,-94.447,Tamil
351,Garry,Martinson,M,Maroon,27,University of Huddersfield,42.562,-95.389,Bosnian
352,Heda,Thornally,F,Yellow,40,Zambian Open University,43.753,-91.505,Hungarian
353,Ellery,Gillham,M,Indigo,22,Siam University,41.495,-94.178,Lithuanian
354,Hank,Klosser,M,Maroon,35,Rajiv Gandhi Technical University (University of Technology of Madhya Pradesh),40.919,-95.276,English
355,Bette,Friday,F,Aquamarine,22,University of Novi Sad,40.32,-91.091,West Frisian
356,Lyndel,Berrie,F,Crimson,20,Fahad Bin Sultan University,41.48,-93.988,Māori
357,Mike,Rosendahl,M,Green,36,Huaihua Medical College,43.949,-90.753,Hiri Motu
358,Salomo,Burdoun,M,Maroon,31,Politeknik Pos Indonesia,40.14,-90.868,Telugu
359,Gisela,Mullen,F,Teal,31,FAE Business School - Faculdade de Administração e Economia,40.222,-94.58,Malay
360,Roman,Shevlane,M,Aquamarine,29,Instituto Politécnico de Tomar,42.125,-96.057,Dzongkha
361,Catharine,Serrurier,F,Green,29,Godfrey Okoye University ,43.699,-95.426,Albanian
362,Alvinia,Algie,F,Teal,44,Universidad Cristóbal Colón,41.013,-93.776,Aymara
363,Brietta,Meldrum,F,Turquoise,40,Russian State Hydrometeorological University,41.516,-91.34,Belarusian
364,Raddie,Petric,M,Puce,26,Universidad Metropolitana,42.427,-95.431,Swati
365,Morena,Fenlon,F,Violet,37,Kwara State University ,40.117,-95.329,Dzongkha
366,Gabie,Meconi,M,Red,44,Sardar Vallabhai Patel University of Agriculture Amd Technology,40.527,-95.65,Estonian
367,Florentia,Bischoff,F,Fuscia,41,Bangabandhu Sheikh Mujibur Rahman Agricultural University,42.101,-94.665,Dutch
368,Luis,Tremolieres,M,Violet,34,Oregon Institute of Technology,42.83,-91.827,Greek
369,Basia,Heinssen,F,Puce,22,"Islamic Azad University, Arak",43.9,-92.601,Papiamento
370,Haskell,Ealden,M,Violet,33,Hyupsung University,40.889,-96.363,Lithuanian
371,Bridie,Given,F,Pink,28,Western Washington University,40.5,-91.219,Pashto
372,Lonna,Metzig,F,Blue,28,Pace University,41.517,-95.624,Swati
373,Leonid,Burling,M,Violet,29,University of Iasi,43.802,-96.793,Quechua
374,Tobe,Gittins,F,Maroon,20,"St. Joseph's College New York, Suffolk Campus",42.955,-94.527,Moldovan
375,Zita,Spragg,F,Mauv,24,Kochi University,43.043,-95.626,Maltese
376,Artie,Fishly,M,Puce,42,Université Catholique de Bukavu,40.848,-95.381,Estonian
377,Willis,Grigoire,M,Violet,27,Mid-American Bible College,41.225,-96.715,Finnish
378,Tedi,Whitney,F,Maroon,42,Chongqing Three Gorges University,41.124,-91.108,Zulu
379,Mata,Munton,M,Goldenrod,36,St. Paul University,41.32,-93.153,Aymara
380,Cece,Clausen-Thue,M,Mauv,23,Institut Teknologi Brunei,40.994,-96.353,Hungarian
381,Erin,Alben,M,Pink,34,Instituto Superior de Paços de Brandão,42.28,-90.856,Dzongkha
382,Ami,Chamney,F,Puce,39,Southwest Missouri State University - West Plains,43.845,-96.884,New Zealand Sign Language
383,Tod,Cullington,M,Turquoise,44,Virginia College,43.118,-95.75,Latvian
384,Tamqrah,Dumphy,F,Khaki,44,Ecole Supérieure d'Ingénieurs en Génie Electrique,41.968,-94.751,Maltese
385,Beryl,Prozescky,F,Fuscia,30,"National Institute of Technology, Durgapur",40.57,-93.378,Irish Gaelic
386,Cesare,McPeck,M,Teal,32,"Dai Ichi University, College of Technology",42.618,-90.221,Nepali
387,Woodman,Corkitt,M,Indigo,43,Universidad Motolinía del Pedegral,41.239,-92.509,Gujarati
388,Lilas,Orlton,F,Maroon,29,Les Roches International School of Hotel Management,43.572,-94.068,Indonesian
389,Cloe,Tomenson,F,Indigo,25,Chung-Ang University,40.174,-95.282,Dari
390,Deloria,Olsen,F,Red,20,Armstrong Atlantic State University,43.123,-92.065,Macedonian
391,Jaine,Nutting,F,Mauv,37,Lasell College,43.341,-92.305,Tajik
392,Anny,McWhannel,F,Crimson,29,"University of Maine, Machias",41.452,-90.858,Gagauz
393,Conway,Monro,M,Blue,26,Metropolitan University,42.434,-96.927,Hungarian
394,Norine,Lindemann,F,Violet,23,Mongolian State University of Education,41.248,-93.277,Belarusian
395,Sim,Collinge,M,Yellow,40,Kawasaki University of Medical Care,43.973,-96.736,Swati
396,Petronille,Vern,F,Goldenrod,32,Universidad de Norteamerica,40.123,-94.75,Gagauz
397,Marcy,Maber,F,Crimson,28,Qinghai Normal University,42.392,-92.508,Aymara
398,Marchall,Bernardez,M,Crimson,24,Kansas City Art Institute,42.175,-93.129,Albanian
399,Vittorio,Sobey,M,Turquoise,42,Chamreun University of Poly Technology,42.527,-96.428,Assamese
400,Stanfield,McGauhy,M,Green,39,Changsha Railway University,43.513,-95.568,Kyrgyz
401,Milissent,Hebburn,F,Yellow,41,University of Bergen,42.472,-92.029,Māori
402,Demott,Mallebone,M,Yellow,37,Kazan State Finance and Economics Institute ,41.301,-91.772,Japanese
403,Frederique,Healks,F,Yellow,28,University of Management and Technology,40.683,-92.417,Japanese
404,Carole,Kernan,F,Goldenrod,34,Kansai University of International Studies,43.887,-96.229,Tajik
405,Dav,Laurenceau,M,Puce,31,Universitas Kristen Duta Wacana,41.247,-94.524,Swahili
406,Barbi,Mecozzi,F,Green,31,Covenant College,43.231,-91.348,Punjabi
407,Drucill,Van Der Weedenburg,F,Khaki,37,Mongolian State University of Agriculture,40.867,-93.454,Persian
408,Davis,Till,M,Khaki,21,Centre College,43.619,-93.328,Somali
409,Quinta,Monteaux,F,Blue,36,Chiba Institute of Technology,42.64,-92.221,Chinese
410,Sharlene,Rolfi,F,Blue,28,Civil Aviation University of China,41.11,-96.127,Swedish
411,Laurel,Bonsall,F,Khaki,26,Chiba Institute of Technology,41.693,-95.134,Kashmiri
412,Moyra,Warbrick,F,Crimson,32,Paichai University,40.04,-96.883,Dzongkha
413,Alexandro,Ossipenko,M,Fuscia,35,Universidad de Cuautitlan Izcalli,42.571,-90.484,Luxembourgish
414,Keir,Brealey,M,Aquamarine,23,Northern Institute of Technology Management (NIT),41.288,-91.974,Afrikaans
415,Marcello,Mixhel,M,Pink,30,Universidad del Bajío,43.554,-90.039,Indonesian
416,El,Thuillier,M,Red,33,Goddard College,43.277,-94.579,Malay
417,Minette,Towhey,F,Violet,45,West Virginia University Institute of Technology,40.07,-95.415,Arabic
418,Kimbell,Guilleton,M,Pink,30,Nippon Veterinary and Animalscience University,42.985,-92.117,Malagasy
419,Merline,Tuohy,F,Goldenrod,26,Warren Wilson College,43.116,-90.144,Chinese
420,Bill,Spenton,M,Fuscia,37,Escuela de Ingeniería de Antioquia,42.617,-94.97,Japanese
421,Kerk,Stannering,M,Purple,30,"Rasmussen College, Minnesota Campuses",43.531,-90.385,Oriya
422,Luciana,Oguz,F,Turquoise,34,University of Prince Edward Island,42.872,-95.461,Swahili
423,Kerri,Jellings,F,Maroon,22,Northwestern College Iowa,40.973,-93.914,Japanese
424,Dieter,O'Cullinane,M,Aquamarine,38,Valahia University of Targoviste,41.108,-96.072,Afrikaans
425,Ginger,Shepherdson,M,Red,39,Niigata University,40.95,-96.524,Bosnian
426,Thornton,Storey,M,Fuscia,24,Universidad Nacional de Tumbes,42.386,-90.86,Tajik
427,Antoinette,Petruska,F,Pink,23,Universidade Salvador,42.978,-90.718,Somali
428,Jada,Asker,F,Aquamarine,28,Universitas Persada Indonesia Y.A.I,40.252,-94.055,Haitian Creole
429,Merrick,Fitch,M,Crimson,31,Georgia Southwestern University,40.497,-95.561,Tsonga
430,Bartram,O'Cosgra,M,Blue,28,Fachhochschule für Wirtschaft Berlin,40.998,-90.061,Burmese
431,Jere,Menlow,M,Indigo,21,Politeknik Negeri Sambas,43.53,-93.433,Dari
432,Cally,Olyff,F,Crimson,25,Peking University,40.966,-94.842,Tsonga
433,Odelinda,Stockton,F,Goldenrod,22,Siauliai University,42.831,-95.788,Lithuanian
434,Allistir,Paine,M,Fuscia,39,Arab Academy for Banking and Financial Sciences,43.454,-94.5,Lao
435,Denice,Hindshaw,F,Turquoise,42,Universidad Autónoma de Ciudad Juárez,41.834,-96.207,Persian
436,Martita,Reilingen,F,Maroon,30,Universidad Católica Nordestana,41.07,-91.568,New Zealand Sign Language
437,Jonah,Desouza,M,Orange,38,Georgetown University,43.379,-95.414,Tswana
438,Riane,Flea,F,Purple,21,Hanoi University of Architecture,40.904,-96.445,Malay
439,Gus,Dahle,F,Turquoise,38,The College of New Jersey,43.411,-92.407,Portuguese
440,Orelie,Liley,F,Indigo,33,Universidad José Santos Ossa,42.999,-96.362,Somali
441,Karry,Fauning,F,Crimson,25,Multimedia University of Kenya,41.845,-92.129,Bulgarian
442,Hermie,Grisewood,M,Purple,25,Universidad Iberoamericana,41.077,-95.396,Swati
443,Adriane,Caen,F,Khaki,21,Mount Mercy College,41.198,-90.134,Persian
444,Nicole,Knapp,F,Aquamarine,44,Arkansas State University,43.019,-90.338,Hindi
445,Virginia,Geke,F,Red,29,Acharya Nagarjuna University,41.312,-92.754,Greek
446,Jillane,Trayhorn,F,Aquamarine,32,British Columbia Open University,41.115,-94.909,Marathi
447,Daryl,Gilhooly,M,Pink,25,Technological Education Institute of Piraeus,43.04,-93.404,Spanish
448,Roanne,Beagin,F,Turquoise,29,Hertie School of Governance,42.525,-90.878,Tamil
449,Phillipp,Welden,M,Crimson,33,Universitas Ngurah Rai,40.219,-95.457,Zulu
450,Harcourt,Grafton,M,Khaki,40,Sri Venkateswara Institute of Medical Sciences,42.937,-91.785,Dutch
451,Pippy,Rendle,F,Teal,23,Beijing Union University,41.741,-90.322,Hiri Motu
452,Shay,Giraudat,F,Khaki,38,Universidad Estatal a Distancia,41.744,-94.581,Tswana
453,Ianthe,Kilshaw,F,Fuscia,24,Yonok University,42.46,-92.264,Swati
454,Cam,Bartul,M,Purple,21,Dunya Institute of Higher Education,42.403,-90.504,Ndebele
455,Ricard,Battrum,M,Maroon,29,University of Udine,41.151,-95.913,Dhivehi
456,Humfrid,Vogl,M,Blue,22,Converse College,42.343,-95.702,Filipino
457,Wheeler,Nelthorpe,M,Violet,34,"European University, Athens Campus",43.584,-90.298,Lithuanian
458,Hewet,Mooreed,M,Violet,41,Universidade do Estado do Rio de Janeiro,40.97,-96.562,Northern Sotho
459,Goddart,Bleesing,M,Crimson,27,"Fachhochschule Biberach, Hochschule für Bauwesen und Wirtschaft",41.523,-91.575,Bengali
460,Dilan,Crum,M,Indigo,33,Chongqing Telecommunication College,41.261,-95.737,Dutch
461,Jefferson,Tidcomb,M,Crimson,34,Seton Hall University,43.39,-93.062,Tajik
462,Kenton,Burder,M,Pink,28,Universidad Nacional de Lanus,41.363,-90.657,West Frisian
463,Alfy,Strowthers,M,Pink,22,Arak University,43.728,-96.944,Malayalam
464,Jackqueline,Welberry,F,Indigo,29,University of Botswana,40.165,-91.056,Latvian
465,Reinaldos,Yeskin,M,Indigo,34,University of Miami,41.081,-91.462,Persian
466,Engracia,Bison,F,Orange,20,Mahidol University International College,41.001,-90.504,Gagauz
467,Cami,Suddards,F,Crimson,44,Soonchunhyang University,42.719,-93.663,Spanish
468,Hilde,Worssam,F,Fuscia,27,Vietnam Maritime University,42.325,-91.093,Danish
469,Gertruda,Rayer,F,Turquoise,39,Paul University,43.242,-92.772,Khmer
470,Rees,Vivyan,M,Yellow,21,Université Chouaib Doukkali,42.178,-92.824,Georgian
471,Adrianne,Fernely,F,Maroon,33,Middle East Technical University,40.15,-96.904,Dzongkha
472,Loella,Ferrari,F,Crimson,33,Ecole Nationale des Ponts et Chausees,40.255,-96.019,Yiddish
473,Tibold,Guyer,M,Yellow,32,Carroll College Waukesha,43.443,-96.058,Fijian
474,Robyn,Robroe,F,Indigo,33,Cross River University of Science and Technology,42.857,-96.708,Luxembourgish
475,Zak,Riccio,M,Orange,36,Nile University,42.334,-91.74,Portuguese
476,Beilul,Kynston,F,Turquoise,21,National Chengchi University,42.5,-90.223,Hindi
477,Kilian,Popescu,M,Aquamarine,31,Al-Manar University,43.314,-92.098,Assamese
478,Bennett,Kippling,M,Goldenrod,43,University of Sibiu,42.212,-93.138,Armenian
479,Pall,Marler,M,Green,39,Gifu Women's University,43.055,-91.295,Northern Sotho
480,Savina,Cicutto,F,Red,40,Morioka College,40.48,-96.364,Papiamento
481,Trudie,Shillan,F,Indigo,24,Thiel College,41.752,-96.282,Punjabi
482,Kingston,Mesnard,M,Teal,22,University of Montevallo,42.446,-96.896,Kashmiri
483,Anderson,Feeney,M,Goldenrod,23,Johnson & Wales University,43.624,-95.371,Indonesian
484,Mary,Bullard,F,Pink,34,Universidad Los Andes,40.98,-91.355,Norwegian
485,Galvin,Maris,M,Teal,27,University of Human Development (Kurdistan Region),42.989,-91.105,Amharic
486,Natal,Atwell,M,Khaki,30,Wartburg College,42.908,-93.018,Chinese
487,Chrisy,Haggerston,M,Yellow,33,Universidad de América Bogotá,42.966,-90.35,Yiddish
488,Linoel,Goodier,M,Teal,32,Universidad Finis Terrae,41.958,-96.172,Macedonian
489,Enrica,Congrave,F,Turquoise,35,Universidad de Nariño,40.391,-92.469,French
490,Kimberly,Mattiazzo,F,Aquamarine,43,Jiangxi University of Finance and Economics,43.954,-92.551,Czech
491,Worthington,Spriddle,M,Violet,22,Kotelawala Defence University,41.159,-90.362,Afrikaans
492,Hugo,Glewe,M,Indigo,27,University of Economics Prague,43.714,-93.272,Indonesian
493,Hermie,Cropper,M,Goldenrod,35,"California State University, Fullerton",41.88,-94.189,Hiri Motu
494,Judon,Fulmen,M,Purple,37,"Fachhochschule Schwäbisch Hall, Hochschule für Gestaltung",40.662,-92.062,Estonian
495,Skelly,Shambroke,M,Goldenrod,28,Brno University of Technology,40.766,-95.426,Quechua
496,Ferris,Summerill,M,Yellow,20,Universidad del Atlántico,41.997,-93.812,Croatian
497,May,Howford,F,Mauv,22,Universidad Tecnológica de El Salvador,41.89,-93.66,Albanian
498,Daisie,Diggin,F,Khaki,36,Grodno State Medical University,42.473,-93.055,Indonesian
499,Raphael,Gerrad,M,Pink,29,McMurry University,42.508,-91.866,Luxembourgish
500,Jude,Mayes,M,Turquoise,27,Uppsala University,42.703,-90.754,Hebrew
501,Nate,Seymer,M,Fuscia,29,Jönköping University College,42.135,-94.313,Albanian
502,Fallon,Le Brom,F,Aquamarine,23,University of Applied Science and Technology,40.905,-93.352,Swati
503,Buckie,Heggie,M,Teal,39,New England Conservatory of Music,40.463,-96.428,Hungarian
504,Madeleine,Feveryear,F,Aquamarine,20,University of Food Technology,40.212,-92.595,Hiri Motu
505,Adan,Catchpole,M,Khaki,36,Talladega College,43.892,-93.94,Telugu
506,Morley,Loughney,M,Teal,41,South Valley University,42.761,-91.321,Estonian
507,Arleen,Germon,F,Turquoise,41,Universidad Autónoma de Asunción,40.793,-92.195,Japanese
508,Ambrose,Feek,M,Mauv,30,Guangxi Traditional Chinese Medical University,42.061,-91.827,Polish
509,Emmott,MacFarlane,M,Fuscia,39,National Taiwan College of the Arts,42.521,-90.068,Malay
510,Bradly,Signore,M,Red,37,Baker College of Flint,42.717,-91.154,Zulu
511,Kai,Du Hamel,F,Khaki,35,"Instituto Superior Minero Metalúrgico ""Dr. Antonio Núñez Jiménez""",43.092,-91.538,Kannada
512,Eadie,Pires,F,Pink,42,NTB Interstate University of Applied Sciences of Technology,40.181,-92.381,Bengali
513,Lemmie,Hundall,M,Puce,24,Université Virtuelle de Tunis,41.766,-93.31,Montenegrin
514,Susi,Akram,F,Crimson,32,"University of California, Riverside",42.019,-90.193,Gujarati
515,Sherm,Mobberley,M,Green,24,Universidad Hispanoamericana,40.015,-93.573,Armenian
516,Ilka,Phelips,F,Crimson,34,Thomas Aquinas College,41.249,-95.947,Tetum
517,Federica,Valadez,F,Fuscia,24,Ecole Supérieure d'Ingénieurs en Electronique et Electrotechnique,40.241,-94.975,Moldovan
518,Kelly,Freckingham,M,Purple,35,York College of Pennsylvania,41.021,-91.007,Tswana
519,Quentin,Shiell,F,Turquoise,27,Kyushu International University,43.001,-93.866,Pashto
520,Minnaminnie,Biglin,F,Pink,43,Otto-von-Guericke Universität Magdeburg,41.177,-92.186,Ndebele
521,Roobbie,Sircombe,F,Purple,44,Ocean University of China,43.953,-96.344,Bulgarian
522,Aura,Balsdon,F,Orange,45,Morioka College,43.413,-92.305,Guaraní
523,Budd,Paolozzi,M,Teal,23,"Islamic Azad University, Bandar Abbas",40.391,-94.957,Pashto
524,Adeline,Ortler,F,Purple,43,Audrey Cohen College,43.046,-95.364,Nepali
525,Edgar,Brunton,M,Teal,37,West Coast University (WCU),42.52,-95.877,Icelandic
526,Vera,Vickors,F,Teal,30,"DeVry Institute of Technology, Kansas City",43.745,-94.227,Chinese
527,Melodie,Dilgarno,F,Crimson,30,Technical University of Lublin,40.478,-94.439,Maltese
528,Lorrayne,Mainds,F,Aquamarine,21,Australian Catholic University,40.064,-92.687,Oriya
529,Agustin,Bollins,M,Crimson,44,Eelo American University,40.041,-96.209,Macedonian
530,Cord,Devereux,M,Puce,23,National Taipei College of Nursing,40.66,-94.536,Kashmiri
531,Cory,Ransbury,M,Yellow,33,Shaheed Beheshti University of Medical Sciences,43.297,-96.026,Japanese
532,Buck,Crock,M,Teal,45,Mzuzu University,41.635,-90.117,Montenegrin
533,Darrel,Hawes,M,Fuscia,40,Siena Heights University,40.049,-90.606,Croatian
534,Maryrose,Gipp,F,Fuscia,25,Trinity University School of Medicine,41.092,-91.039,Tsonga
535,Rriocard,Angel,M,Maroon,23,Oulu Polytechnic,42.927,-93.406,Chinese
536,Merrill,Butte,M,Purple,30,Emanuel University,41.809,-93.196,Tswana
537,Brade,Mation,M,Red,43,Universidad CES,42.883,-91.788,Kashmiri
538,Bonnee,Bartels-Ellis,F,Purple,39,Morris Brown College,40.177,-93.816,Māori
539,Thoma,Mosten,M,Khaki,35,The Curtis Institute of Music,40.809,-91.424,Japanese
540,Ripley,Ortiga,M,Khaki,37,University of Mkar,43.924,-95.964,Bislama
541,Granthem,Etherson,M,Red,34,Harvard University,40.018,-92.324,Zulu
542,Ulrick,Kyrkeman,M,Pink,23,Dominion College,40.976,-92.541,Aymara
543,Leonhard,Joire,M,Puce,20,"University of Houston, Downtown",40.765,-93.288,Belarusian
544,Georgie,Mudie,F,Mauv,27,Ashiya University,41.512,-92.375,Fijian
545,Marilyn,Vynarde,F,Pink,30,Moscow State University,42.202,-95.13,Quechua
546,Florry,Pilley,F,Indigo,26,Pontificia Universidade Católica do Paraná,42.363,-95.647,Afrikaans
547,Giulietta,Parrett,F,Goldenrod,24,University of Nis,41.09,-96.694,Malagasy
548,Billie,Tyrone,F,Khaki,31,Near East University,43.679,-92.588,Malagasy
549,Gwyn,Vanyutin,F,Puce,39,Bugema University,43.688,-90.172,Italian
550,Nathanil,Tobin,M,Mauv,36,Camosun College,42.613,-91.649,Catalan
551,Charlean,Bleaden,F,Mauv,38,Dominican College,42.489,-95.66,Fijian
552,Josie,Kalewe,F,Green,27,Ural Gorkij State University,41.249,-94.046,Korean
553,Galina,Densey,F,Mauv,33,State University of New York College at Potsdam,41.081,-96.468,Telugu
554,Jeramey,Tomaini,M,Teal,29,Universidad de Aconcagua,42.388,-91.404,Haitian Creole
555,Amabelle,Renfield,F,Aquamarine,38,Martin-Luther Universität Halle-Wittenberg,40.441,-94.283,Japanese
556,Koren,Junkison,F,Red,44,Hiroshima Kokusai Gakuin University,43.53,-91.528,Macedonian
557,Novelia,O'Heaney,F,Fuscia,35,Universiti Sultan Zainal Abidin,42.934,-93.285,Fijian
558,Charin,Labrone,F,Orange,44,Universidade Federal do Acre,42.419,-90.733,Zulu
559,Thorstein,Molines,M,Red,39,Thamar University,42.712,-93.778,Malayalam
560,Paton,Cadell,M,Mauv,24,Fachhochschule Bonn-Rhein-Sieg,42.49,-94.45,Malayalam
561,Minta,Thomkins,F,Crimson,40,Université Panthéon-Sorbonne (Paris I),40.708,-91.723,Albanian
562,Coretta,Seekings,F,Puce,32,"Universidad Nacional de La Libertad, Trujillo",43.144,-94.381,Telugu
563,Vanna,Coste,F,Orange,20,Toyota Technological Institute,40.992,-92.462,Persian
564,Budd,Tremaine,M,Crimson,43,Fachhochschule St. Gallen,43.094,-93.266,Bulgarian
565,Dollie,Christofides,F,Orange,26,Southeastern Bible College,43.369,-91.516,Greek
566,Hermy,Nasey,M,Purple,35,Haynal Imre University of Health Sciences Budapest,40.882,-96.146,Gujarati
567,Blakelee,Birchenhead,F,Aquamarine,21,Kyungil University,42.311,-94.366,Bosnian
568,Abraham,Maken,M,Indigo,23,Universidad Abierta Interactiva,40.231,-95.435,Tswana
569,Shawna,FitzGeorge,F,Teal,42,Pedagogical University of Czestochowa,41.799,-91.409,Swahili
570,Shari,Tuohy,F,Aquamarine,29,Universidad San Juan de la Cruz,40.09,-95.899,Khmer
571,Ashlie,Harrinson,F,Khaki,28,University of Rio Grande,43.727,-92.874,Moldovan
572,Ky,Vigers,M,Teal,33,Mukogawa Women's University,43.831,-90.151,Hiri Motu
573,Burr,Lawrence,M,Puce,34,St. Paul's College,41.987,-96.609,Icelandic
574,Frances,Barrott,F,Teal,32,Birla Institute of Technology and Science,41.543,-96.034,Tetum
575,Mabelle,Adam,F,Mauv,42,University of Texas Pan American,42.507,-95.883,Kannada
576,Biddie,Bettles,F,Teal,40,Diaconia University of Applied Sciences,43.788,-94.003,Georgian
577,Olivie,Suett,F,Purple,37,Ruprecht-Karls-Universität Heidelberg,42.386,-95.133,Kazakh
578,Gustaf,Kasher,M,Aquamarine,36,Nottingham Trent University,40.0,-95.218,Dhivehi
579,Rosa,Maciunas,F,Indigo,28,Tarbiat Modares University,41.481,-95.667,Macedonian
580,Nadeen,MacNeill,F,Mauv,25,Glasgow Caledonian University,43.438,-96.917,Telugu
581,Dexter,Ramsell,M,Orange,33,University Konstantina Filozov in Nitra,41.148,-95.742,Gagauz
582,Thaddus,Mussared,M,Maroon,34,"Saint George's Hospital Medical School, University of London",43.726,-91.508,Greek
583,Javier,Weale,M,Crimson,21,Sampurnanand Sanskrit University,41.632,-96.423,Kurdish
584,Marcellus,Ginner,M,Maroon,20,Ecole Centrale de Lyon,42.612,-92.251,French
585,Vasily,Suddick,M,Red,26,Anhui University of Finance and Economics,41.545,-90.616,Icelandic
586,Gerick,Diaper,M,Indigo,22,Assam University,43.767,-96.417,Dari
587,Bobbye,Morten,F,Turquoise,45,Sultan Abdul Halim Muadzam Shah Polytechnic,42.055,-91.361,Chinese
588,Letty,Beevor,F,Puce,35,Tashkent School of Finance,43.456,-96.521,Croatian
589,Shamus,Dennett,M,Yellow,36,"University of Roma ""Tor Vergata""",42.85,-91.23,Hungarian
590,Zared,Windibank,M,Aquamarine,24,Marymount University,41.021,-94.367,Dhivehi
591,Jard,Gogin,M,Red,40,International Business School Kelajak ILMI,43.103,-90.286,Portuguese
592,Gerrie,Kruger,F,Goldenrod,42,Universidad Particular de Chiclayo,40.489,-90.789,Guaraní
593,Gerri,Flook,F,Yellow,39,College of the Holy Cross,40.124,-95.251,Tswana
594,Lexi,Boise,F,Aquamarine,24,Hachinohe University,40.368,-90.862,West Frisian
595,Bevon,Frowen,M,Khaki,37,Seinan Gakuin University,41.893,-95.014,Nepali
596,Ingram,Boskell,M,Goldenrod,21,Anhui University,43.015,-91.837,Papiamento
597,Johnathon,Sharples,M,Violet,43,Ecole Nationale de la Statistique et de l'Analyse de l'information,42.936,-93.22,Pashto
598,Balduin,Rounsefull,M,Khaki,37,Tokuyama University,43.795,-90.907,Burmese
599,Gerhardt,Revans,M,Blue,42,Mongolian State University of Arts and Culture,40.597,-90.61,Korean
600,Delia,Dmitr,F,Green,35,Abu Dhabi University,43.601,-92.933,Hungarian
601,Bing,Minkin,M,Teal,36,Technological Education Institute of Heraklion,40.071,-93.785,Irish Gaelic
602,Diane,Discombe,F,Aquamarine,32,Universidad de Playa Ancha de Ciencias de la Educacion,42.926,-94.818,Papiamento
603,Harald,Rowth,M,Violet,30,Universidad Catolica de La Santísima Concepción,42.556,-92.712,Belarusian
604,Reynolds,Fair,M,Turquoise,26,B.P.Koirala Institute of Health Sciences,40.697,-96.625,Dari
605,Nicol,Amery,M,Aquamarine,35,Fort Hays State University,43.582,-90.698,Montenegrin
606,Brandi,Bilbey,F,Purple,25,Kagoshima Immaculate Heart University,40.425,-92.489,Indonesian
607,Skip,Swain,M,Green,29,College of the Ozarks,41.239,-94.017,Tok Pisin
608,Carolina,Stegel,F,Violet,28,University of Wisconsin - Madison,42.6,-93.833,Burmese
609,Marlon,Ratley,M,Turquoise,35,University of Arizona,43.843,-90.135,Korean
610,Herbie,Osler,M,Aquamarine,20,Universidad Luterana Salvadorena,43.098,-94.092,Estonian
611,Drake,Kunrad,M,Crimson,38,Kumoh National University of Technology,40.6,-94.864,Swahili
612,Irvin,Deerr,M,Fuscia,33,Virginia Commonwealth University,42.254,-91.526,Mongolian
613,Amity,Caddock,F,Teal,23,University “Pavaresia” Vlore,43.519,-93.104,Bislama
614,Annissa,Shevell,F,Red,30,Odessa State Medical University,43.194,-96.656,Tajik
615,Inga,Tourle,F,Blue,27,Tohoku Women's College,41.846,-90.078,Swahili
616,Vannie,O'Murtagh,F,Crimson,35,Pontificia Università della Santa Croce,43.342,-91.999,English
617,Tann,Sargerson,M,Fuscia,42,Warner Pacific College,40.172,-92.988,Marathi
618,Britt,Hebbron,M,Violet,26,Donetsk State Medical University,40.535,-90.505,Romanian
619,Butch,Downing,M,Fuscia,28,Baiko Women's College,41.986,-93.722,Persian
620,Brnaby,Wyon,M,Indigo,43,Humboldt State University,42.526,-93.129,Chinese
621,Bunnie,Khomishin,F,Aquamarine,38,Universidad Mayor,41.129,-96.273,Japanese
622,Bernette,Westrope,F,Goldenrod,40,Modern Institute of Managament,43.561,-90.459,Malagasy
623,Jerrine,Penniell,F,Turquoise,40,University of Central Punjab,41.608,-94.337,German
624,Jamie,Maylott,M,Khaki,37,Pandit Ravi Shankar Shukla University,40.953,-91.469,Indonesian
625,June,Robbings,F,Purple,38,Shanghai Sanda University,43.877,-90.932,Catalan
626,Tarah,Singyard,F,Fuscia,28,Université des Antilles et de la Guyane,42.019,-95.069,Kashmiri
627,Corilla,Braybrooks,F,Teal,27,Swiss German University,43.774,-92.065,Northern Sotho
628,Alissa,Ayre,F,Goldenrod,33,"Universidad Interamericana de Puerto Rico, San Germán",41.384,-92.575,Persian
629,Nikoletta,Gwyther,F,Turquoise,28,Uniformed Services Universty of the Health Sciences,42.748,-95.872,Sotho
630,Skylar,Ballingal,M,Red,27,Fachhochschule für Bank- und Finanzwirtschaft,42.766,-94.641,Malayalam
631,Carlye,Benedicte,F,Yellow,34,Indira Gandhi Institute of Development and Research,40.353,-94.181,Polish
632,Haven,Reap,M,Blue,43,University of Health Sciences,42.631,-96.907,Kazakh
633,Richmond,Gissing,M,Yellow,39,Universidade Metropolitana de Santos,42.925,-95.618,Kurdish
634,Sebastiano,Caldera,M,Pink,24,School of Finance and Banking,40.381,-92.708,Norwegian
635,Blinny,Titterrell,F,Orange,38,University Konstantina Filozov in Nitra,42.183,-92.75,Finnish
636,Berry,Parres,F,Maroon,25,Universitas Sebelas Maret,43.036,-95.949,Latvian
637,Morgan,Farrer,F,Pink,21,Tibet University of Nationalities,43.388,-93.02,Dari
638,Wash,Cathrall,M,Violet,26,Meru University of Science and Technology,42.834,-96.864,Māori
639,Bonnibelle,Scintsbury,F,Indigo,22,Wells College,43.68,-93.885,Hindi
640,Ibbie,Woosnam,F,Mauv,26,Xinjiang Agriculture University,40.695,-91.988,Malagasy
641,Carlota,Chumley,F,Teal,34,Moscow State Academy of Applied Biotechnology,42.159,-94.579,Latvian
642,Borg,Roser,M,Crimson,35,University of Exeter,41.693,-91.801,Romanian
643,Nilson,Lurner,M,Khaki,44,Green Mountain College,43.627,-96.41,French
644,Glenden,Barnhart,M,Puce,27,Universidad Católica de Santa María,42.485,-90.638,Thai
645,Daryl,Keddie,M,Teal,30,Grantham University,41.071,-94.945,Tajik
646,Gregorio,Swane,M,Turquoise,29,Maejo University,42.502,-94.842,Dzongkha
647,Lillis,De Biasio,F,Maroon,39,University of Chemical Technology and Metallurgy,43.836,-92.893,Filipino
648,Wallache,Trowell,M,Crimson,45,ICT College,43.46,-95.557,Spanish
649,Pam,Huntingdon,F,Indigo,32,Columbia Southern University,40.896,-95.929,Filipino
650,Emmalee,Dungey,F,Turquoise,38,East Texas Baptist University,42.503,-95.809,Gagauz
651,Carlie,Pooley,F,Khaki,26,College of the Holy Spirit,43.085,-91.077,New Zealand Sign Language
652,Quint,Hearsum,M,Red,44,National Sanskrit University,42.915,-94.449,Tamil
653,Ewell,Lightowlers,M,Aquamarine,36,4th Military Medical University,43.523,-95.642,Persian
654,Christy,Demangeot,M,Pink,21,Paris-Sorbonne University Abu Dhabi,42.188,-92.935,Fijian
655,Kaine,Copins,M,Maroon,43,Minsk State Linguistic University,40.546,-95.855,German
656,Netty,Merrick,F,Khaki,43,Ecole Supérieure de Commerce de Nantes-Atlantique,43.695,-95.923,Polish
657,Rowe,Fontell,F,Fuscia,41,Niigata Sangyo University,40.234,-95.46,Bosnian
658,Chevalier,Francie,M,Fuscia,26,Universidad Central de Bayamón,40.089,-91.564,Somali
659,Abdul,Lepard,M,Teal,21,St. Olaf College,40.926,-92.99,Dzongkha
660,Arabel,Baldinotti,F,Khaki,23,Universidad Autónoma Metropolitana,42.686,-96.709,Afrikaans
661,Sophey,Witherington,F,Green,41,Corporación Universitaria de la Costa (UNICOSTA),43.773,-93.783,Catalan
662,Sky,Cazereau,M,Maroon,42,Sheffield Hallam University,40.838,-94.149,Ndebele
663,Toddy,Purtell,M,Orange,24,Campbellsville College,40.059,-91.722,New Zealand Sign Language
664,Jamaal,Baraclough,M,Mauv,26,Universidad Autónoma Tomás Frías,42.531,-93.8,Ndebele
665,Abramo,Twentyman,M,Fuscia,36,Université de la Reunion,41.474,-95.697,Tetum
666,Susanetta,Willers,F,Yellow,36,École des Hautes Études Commerciales,42.355,-94.862,Estonian
667,Julio,McLevie,M,Purple,23,Slippery Rock University,41.377,-93.188,Tswana
668,Sandy,Menghi,M,Mauv,33,Karachi Institute of Information Technology,41.861,-92.459,Lao
669,Fidela,Maun,F,Purple,42,Universidade Estadual de Campinas,43.787,-96.405,Tajik
670,Clyde,Kinloch,M,Fuscia,36,Shanghai University,41.089,-93.602,Dari
671,Elysha,Heart,F,Green,21,Moscow State Technical University of Civil Aviation,40.143,-91.341,Italian
672,Lonnie,Shemilt,M,Violet,23,Osaka University of Economics & Law,41.444,-94.103,Arabic
673,Wilburt,Lange,M,Fuscia,34,Longwood College,42.393,-91.807,Italian
674,Hatty,Wallage,F,Khaki,38,Medizinische Universität Innsbruck,43.819,-95.912,Romanian
675,Ambrosius,Unstead,M,Turquoise,29,Salem University,43.027,-92.933,Gagauz
676,Justino,Allsebrook,M,Mauv,26,Northeastern University,41.678,-96.514,Khmer
677,Carey,Mintrim,M,Turquoise,44,Ilsa Independent College,43.542,-94.762,Māori
678,Bambie,Bickmore,F,Red,23,"Universidad del Norte ""Santo Tomás de Aquino""",43.57,-96.115,Punjabi
679,Obadias,Blant,M,Crimson,38,Les Roches Gruyère University of Applied Sciences,42.871,-92.21,Montenegrin
680,Sarge,Sailor,M,Aquamarine,43,Estonian Academy of Arts,43.371,-94.244,Haitian Creole
681,Hartley,Bonallick,M,Khaki,32,Washington College,42.565,-93.285,Maltese
682,Seward,Dewen,M,Mauv,44,Indian Agricultural Research Institute,40.846,-90.546,Quechua
683,Richard,Hartless,M,Purple,43,University of Zürich,40.55,-96.632,Somali
684,Nona,Maseres,F,Aquamarine,31,Keiwa College,40.544,-96.522,Aymara
685,Gregory,Woolland,M,Violet,37,Ecole Nationale Vétérinaire d'Alfort,40.936,-94.687,Pashto
686,Aldrich,Luard,M,Violet,21,University of Stirling,43.308,-96.531,English
687,Fancy,Yaxley,F,Red,41,Soongsil University,40.66,-95.608,Maltese
688,Hollis,Titcom,M,Teal,42,Florida University of Medicine,41.476,-96.347,Northern Sotho
689,Allin,Scrinage,M,Teal,32,Physical Education Academy in Wroclaw,42.842,-94.656,Luxembourgish
690,Roderic,Sherrell,M,Orange,41,Universitas Yarsi,43.297,-94.432,Nepali
691,Justen,McGinlay,M,Khaki,31,Universidad Autónoma Metropolitana,41.409,-92.767,Malagasy
692,Olga,Rays,F,Puce,32,Moore College of Art and Design,40.618,-93.875,Punjabi
693,Johnath,Penticost,F,Red,25,Randolph-Macon College,40.6,-91.573,Latvian
694,Urbano,Regenhardt,M,Indigo,30,Al Nahrain University,41.797,-95.743,Gagauz
695,Carrol,Eisikowitz,M,Indigo,43,Institute of Commerce and Business,43.343,-96.208,Norwegian
696,Rafa,O'Donnelly,F,Puce,22,Wayo Women's University,42.481,-96.712,Tajik
697,Kailey,Robjant,F,Crimson,21,Addis Ababa University,41.418,-92.751,Catalan
698,Hadley,Thies,M,Pink,30,"University of Maine, Presque Isle",40.921,-92.978,French
699,Jonas,Ashforth,M,Aquamarine,36,"Dai Ichi University, College of Technology",40.541,-90.805,Catalan
700,Ofilia,Dumke,F,Green,28,Hankyong National University,43.003,-95.353,Danish
701,D'arcy,Strutton,M,Orange,40,Ilsa Independent College,43.313,-93.829,Malagasy
702,Trent,Shoosmith,M,Fuscia,34,Ryazan State Pedagogical University,42.622,-95.478,Punjabi
703,Tiffany,Alexandersson,F,Green,43,University of Engineering and Technology Lahore,43.83,-93.439,Malagasy
704,Bartram,Wickling,M,Orange,28,Pebble Hills University,43.516,-93.543,Fijian
705,Winn,Boylan,M,Indigo,40,California State Polytechnic University - Pomona,41.013,-95.066,Papiamento
706,Lin,Nono,M,Teal,23,"Concordia College, Bronxville",43.053,-96.173,Swahili
707,Elsa,Walkling,F,Goldenrod,40,Shanghai Lida Polytechnic Institute,41.458,-96.467,Macedonian
708,Hetty,Crowe,F,Crimson,28,Savannah State University,41.921,-92.664,Norwegian
709,Den,Mccaull,M,Maroon,32,"Islamic Azad University, Bandar Abbas",42.675,-95.974,Nepali
710,Xylina,Pigrome,F,Turquoise,20,Mandalay Technological University,40.67,-95.371,Thai
711,Margalit,McMarquis,F,Blue,20,Arab Open University,43.434,-94.523,Tsonga
712,Maximilianus,Byrd,M,Mauv,24,Plymouth State College,40.688,-90.888,Maltese
713,Bea,Smalridge,F,Pink,25,Universität Leipzig,41.789,-95.179,Catalan
714,Elyn,Grimsell,F,Khaki,28,Technological Education Institute of Lamia,43.923,-95.88,Sotho
715,Oralia,Kolakovic,F,Indigo,41,Pitzer College,41.989,-90.9,Bislama
716,Kyla,Curnock,F,Indigo,23,Le Moyne-Owen College,43.58,-93.299,Japanese
717,Mahalia,Ricciardelli,F,Violet,33,Turkish Naval Academy,41.423,-96.926,Malayalam
718,Hubey,Torbett,M,Orange,39,Canterbury Christ Church University,42.147,-91.472,Oriya
719,Linell,Doll,F,Fuscia,28,Georgia Southern University,42.773,-95.046,Thai
720,Hamil,Baglan,M,Teal,30,"National American University, Albuquerque",43.376,-92.639,Malagasy
721,Darline,Gotcliffe,F,Orange,23,Acadia University,40.315,-96.002,Georgian
722,Rogerio,Girk,M,Puce,42,National Pirogov Memorial Medical University,41.501,-93.521,Amharic
723,Clifford,Luce,M,Mauv,26,Tsuda College,43.168,-92.763,Bulgarian
724,Mano,Iley,M,Yellow,28,Xiangtan University,42.225,-95.811,Swati
725,Gorden,Roderick,M,Maroon,42,St. Louis University,40.834,-96.505,Belarusian
726,Guenna,Connelly,F,Goldenrod,28,AGH University of Science and Technology,42.939,-90.468,German
727,Sheffie,Kondratovich,M,Pink,41,Sichuan International Studies University,40.056,-92.084,German
728,Concettina,Murrish,F,Goldenrod,25,Harbin University of Science and Technology,43.667,-94.024,Telugu
729,Law,Frisdick,M,Mauv,31,Sardarkrushinagar Dantiwada Agricultural University,42.673,-91.999,Dhivehi
730,Georgetta,Parkeson,F,Maroon,43,Massachusetts School of Professional Psychology,43.989,-93.446,Ndebele
731,Annemarie,Spadari,F,Aquamarine,25,Lviv National Medical Univeristy,40.785,-96.868,Malagasy
732,Dannye,Petera,F,Goldenrod,29,Zanjan University of Medical Sciences,43.451,-90.054,West Frisian
733,Lil,Claxton,F,Teal,32,Ling Tung University,41.8,-93.053,Oriya
734,Kamilah,Kimmerling,F,Blue,23,Universidad Libre de Colombia,43.208,-94.818,Montenegrin
735,Mildrid,Rushworth,F,Purple,28,Universidad Nacional Agraria La Molina,40.49,-95.077,Dhivehi
736,Shaine,Hugett,M,Yellow,37,World Maritime University,40.82,-92.441,West Frisian
737,Alexandra,Phuprate,F,Red,27,Theologische Fakultät Trier,41.14,-96.448,Czech
738,Aube,O'Kennedy,M,Mauv,40,Université Stendhal (Grenoble III),40.68,-93.739,Assamese
739,Wolfy,Bromont,M,Purple,36,Upper Nile University,40.198,-96.478,Czech
740,Eli,Corzon,M,Fuscia,33,Ecole Supérieure de Commerce de Clermont-Ferrand,40.916,-90.511,Luxembourgish
741,Agna,Bushell,F,Khaki,37,"Deutsch-Ordens Fachhochschule Riedlingen, Hochschule für Wirtschaft",42.08,-96.206,Irish Gaelic
742,Chelsey,Boscher,F,Crimson,34,"University of St. Thomas, Houston",42.702,-94.035,Gagauz
743,Dalston,Van Ross,M,Indigo,35,Shih Hsin University,43.59,-96.0,Afrikaans
744,Selena,Krystof,F,Puce,42,Institute of Information Technology,41.062,-90.338,Telugu
745,Kamilah,Leate,F,Mauv,32,Abilene Christian University,43.785,-96.196,Dhivehi
746,Zsa zsa,Losty,F,Orange,35,Sojourner-Douglass College,42.089,-92.065,German
747,Erastus,Witter,M,Orange,22,University of Electronic Science and Technology of China,43.191,-91.635,Danish
748,Haslett,Josse,M,Aquamarine,31,Ecole Spéciale de Mécanique et d'Electricité,40.643,-91.565,Estonian
749,Marjy,Sconce,F,Maroon,23,"CollegeAmerica, Phoenix",40.273,-93.912,Maltese
750,Cecil,Cohen,M,Green,30,Schreiner College,40.23,-95.131,Bengali
751,Mame,Knibb,F,Red,25,University of Arkansas at Pine Bluff,41.54,-94.823,Estonian
752,Laird,Plewes,M,Red,41,Tashkent School of Finance,40.285,-94.715,Czech
753,Esta,Canepe,F,Green,21,Toin University of Yokohama,41.053,-95.625,Georgian
754,Ulick,Gunson,M,Khaki,34,Nagoya Gakuin University,41.618,-91.047,Punjabi
755,Alvy,Dayne,M,Orange,39,Ecole Française de Papeterie et des Industries Graphiques,43.187,-90.533,Macedonian
756,Kenton,Silliman,M,Aquamarine,28,Tamil Nadu Dr. Ambedkar Law University,41.409,-90.553,Kyrgyz
757,Maris,Jeary,F,Goldenrod,39,Ecole des Hautes Etudes Industrielles de Lille,42.962,-90.487,Spanish
758,Daria,Hayman,F,Green,23,Igbinedion University,43.264,-90.362,Kashmiri
759,Delaney,Tembridge,M,Crimson,33,Marywood University,43.825,-91.787,Telugu
760,Roana,Boxhall,F,Indigo,44,University of Health Sciences Andhra Pradesh,40.737,-92.958,Croatian
761,Rani,Syde,F,Pink,21,South Valley University,41.943,-91.053,French
762,Veradis,Blesli,F,Indigo,26,Université Thierno Amadou Diallo,41.313,-93.18,Northern Sotho
763,Georgia,Appleyard,F,Purple,43,Kharkiv National University of Radio Electronics,41.341,-96.002,Thai
764,Haroun,Paddy,M,Indigo,43,King Saud University,42.388,-94.301,Hebrew
765,Carling,Sheber,M,Turquoise,21,Lebanon Valley College,42.978,-91.076,Latvian
766,Edy,Kaliszewski,F,Goldenrod,45,Kobe Jogakuin University,41.384,-92.663,Lithuanian
767,Theda,Berrick,F,Mauv,34,Guangzhou University,42.154,-91.358,Arabic
768,Daphene,Malatalant,F,Red,29,Universidad Nacional Hermilio Valdizan,40.441,-93.603,Armenian
769,Michaella,Leavey,F,Purple,44,Katholische Stiftungsfachhochschule München,42.158,-90.935,Northern Sotho
770,Gavin,Stert,M,Goldenrod,25,University of Scranton,40.355,-96.297,Armenian
771,Reagen,Gulley,M,Blue,23,Madenat Alelem University College,42.526,-94.199,Dari
772,Guntar,MacLennan,M,Maroon,44,University of Eldoret,41.587,-90.983,Arabic
773,Brenda,Colleton,F,Indigo,36,Ecole Nationale Supérieure Agronomique de Toulouse,40.7,-95.082,Hiri Motu
774,Beau,Doblin,M,Blue,21,State University of West Georgia,41.096,-95.165,Tetum
775,Pail,Mateja,M,Indigo,37,East Texas Baptist University,41.805,-95.15,Oriya
776,Ellynn,Skeffington,F,Fuscia,24,Kermanshah University of Medical Sciences,41.354,-94.949,Montenegrin
777,Isabeau,Spencook,F,Puce,27,Suzhou University,41.663,-94.802,Northern Sotho
778,Diandra,Lintot,F,Mauv,20,Université Michel de Montaigne (Bordeaux III ),43.736,-96.054,Indonesian
779,Jacquenetta,Cudbertson,F,Indigo,43,University of Stirling,40.562,-95.003,Belarusian
780,Barn,Cockett,M,Pink,33,Lithunian Institute of Physical Education,43.569,-90.508,Belarusian
781,Harcourt,Mallord,M,Teal,26,National Taitung Teachers College,41.224,-91.509,Persian
782,Cullie,Grigorey,M,Goldenrod,35,Kingston College,40.764,-95.533,Armenian
783,Jourdan,Rakestraw,F,Mauv,28,Walla Walla College,43.953,-92.537,West Frisian
784,Marjorie,Threadkell,F,Goldenrod,24,Brigham Young University Hawaii,40.843,-94.45,Hindi
785,Dody,Trowell,F,Orange,41,University of Lusaka,43.899,-92.875,Chinese
786,Lamar,Thynne,M,Khaki,22,East-Siberian State University of Technology,43.363,-96.623,Moldovan
787,Minny,Biers,F,Aquamarine,44,Huaihua Medical College,40.526,-94.522,Belarusian
788,Minda,Wisniowski,F,Indigo,24,Novosibirsk State Music Academy M. Glinka,42.603,-96.066,Telugu
789,Elfrieda,Pirie,F,Fuscia,29,Yelets State University,43.295,-93.803,Dhivehi
790,Raina,Gemnett,F,Pink,35,Virginia International University,43.869,-95.55,Lithuanian
791,Amalee,Duigan,F,Puce,25,Asia Europe University,42.197,-92.953,Kyrgyz
792,Nye,Retallack,M,Maroon,33,EPF Ecole d'Ingénieurs,40.26,-94.92,Malagasy
793,Daniela,Baldelli,F,Fuscia,38,Universidad de Huánuco,42.093,-92.313,Tetum
794,Ansley,Denham,F,Indigo,44,Gulu University,41.709,-93.891,Dutch
795,Sheba,Ivantsov,F,Goldenrod,42,Katholische Fachhochschule Norddeutschland,40.432,-94.434,Gujarati
796,Kingsly,Stirman,M,Teal,31,Universiteit Antwerpen Management School,40.805,-92.601,Fijian
797,Jemmie,Auten,F,Pink,39,Universidade Católica Dom Bosco,43.907,-94.792,Gagauz
798,Gordon,Le Cornu,M,Indigo,33,Nippon Veterinary and Animalscience University,42.817,-94.8,Armenian
799,Ellery,Finnimore,M,Turquoise,34,Centre d'Etudes Supérieures Industrielles Paris,41.683,-93.293,Catalan
800,Anet,Bedlington,F,Violet,25,Augustana Hochschule Neuendettelsau,42.419,-93.585,Zulu
801,Tiffie,Goodday,F,Turquoise,26,University of North West,40.751,-95.666,Bislama
802,Dehlia,Janaszkiewicz,F,Maroon,21,Spiru Haret University,42.654,-94.619,Afrikaans
803,Lyda,Gregorowicz,F,Indigo,30,Universidad México Americana del Norte,40.024,-93.471,Sotho
804,Dyann,Dymidowicz,F,Violet,36,Universität Stuttgart,41.159,-92.703,Portuguese
805,Kiley,Norcott,M,Mauv,20,"Sarhad University of Science & Information Technology, Peshawar ",41.665,-91.307,Croatian
806,Dehlia,Purkiss,F,Orange,31,Fairmont State College,43.806,-90.422,Fijian
807,Dode,Bartleman,F,Green,33,University of Hyderabad,43.426,-94.358,Arabic
808,Meryl,Tickle,F,Goldenrod,36,Portland Community College,41.018,-96.077,Persian
809,Tobe,Fochs,F,Mauv,32,Sekolah Tinggi Akuntansi Negara (STAN),40.035,-93.705,Kannada
810,Karissa,Tomisch,F,Fuscia,20,Grand Valley State University,41.02,-94.139,Dari
811,Gunther,Purveys,M,Pink,37,"Victoria University Toronto, University of Toronto",42.656,-94.159,Filipino
812,Myrvyn,Menhenitt,M,Crimson,40,South Asian Institute of Technology And Medicine (SAITM) ,42.772,-93.854,Norwegian
813,Zacharie,Dwelly,M,Fuscia,37,Atatürk University,43.211,-95.041,Oriya
814,Sandye,Malpass,F,Turquoise,43,Universidad Católica de Manizales,42.406,-94.872,Polish
815,Adelaida,Webling,F,Purple,41,Livingstone College,40.985,-92.158,Maltese
816,Sorcha,Sandes,F,Blue,38,Université Abdelmalek Essadi,42.982,-95.497,Montenegrin
817,Dudley,Cozins,M,Aquamarine,35,Harbin University of Science and Technology,40.181,-96.561,Zulu
818,Clarke,Viney,M,Maroon,25,Ryutsu Keizai University,43.705,-94.834,Oriya
819,Kathy,Gutridge,F,Yellow,21,St. Cloud State University,40.17,-95.204,Lao
820,Marion,Lambkin,F,Yellow,27,Green Mountain College,43.306,-90.058,Norwegian
821,Dun,Chattock,M,Violet,38,Atilim University,40.513,-92.738,Persian
822,Brandy,Stopper,M,Green,41,Logan College of Chiropractic,43.18,-94.887,Gujarati
823,Minnnie,Hammor,F,Pink,29,Universidad de Lambayeque,41.124,-93.551,Amharic
824,Yurik,Leathers,M,Green,39,Universidad Nacional de Ingeniería,41.277,-93.319,Persian
825,Miller,Kiddye,M,Pink,29,Nippon Dental University,43.051,-94.231,Lao
826,Birk,Vaun,M,Crimson,41,Universidad Nacional Santiago Antúnez de Mayolo,42.806,-96.659,Irish Gaelic
827,Kippy,Purveys,M,Red,32,Camberwell College of Arts,40.317,-95.526,Yiddish
828,Rana,Meighan,F,Mauv,22,Montreat College,40.171,-91.393,Oriya
829,Ernesto,McDonagh,M,Puce,40,Southern Illinois University at Edwardsville,42.419,-90.456,Finnish
830,Chrystel,Theobold,F,Aquamarine,31,"AKAD Hochschulen für Berufstätige, Fachhochschule Leipzig",43.177,-94.977,Georgian
831,Gabriel,Olczyk,F,Green,39,Universidad del Centro de México,41.32,-93.014,Lithuanian
832,Jessica,Laweles,F,Goldenrod,31,University of Science & Technology Chittagong,42.142,-96.418,Haitian Creole
833,Nerissa,MacSkeaghan,F,Purple,39,Universität Osnabrück,40.674,-90.135,Malayalam
834,Briana,MacGlory,F,Aquamarine,41,God's Bible School and College,40.244,-95.222,Gagauz
835,Cariotta,Ferri,F,Purple,44,Hollins University,40.624,-92.873,Tsonga
836,Brandy,Filisov,M,Crimson,25,Fachhochschule JOANNEUM,42.099,-95.219,Irish Gaelic
837,Maddie,Timblett,F,Goldenrod,42,Bluffton College,43.422,-92.518,Papiamento
838,Jeanna,Cremin,F,Blue,21,Universidad del Museo Social Argentino,40.835,-93.067,Tajik
839,Serge,Wilcockes,M,Turquoise,30,Université Paris-Dauphine (Paris IX),40.757,-94.838,Maltese
840,Uriah,Jeannot,M,Purple,32,Atish Dipankar University,42.419,-96.055,Malagasy
841,Susy,Locock,F,Yellow,34,Institut des Sciences de l'Ingénieur de Montpellier,43.169,-91.593,Georgian
842,Neil,Jenicke,M,Green,21,Southwestern University,42.161,-90.771,Thai
843,Kylie,Keeley,M,Aquamarine,42,Kazan State Pedagogical University,41.437,-93.36,Pashto
844,Konstantin,Duce,M,Pink,45,Southern Alberta Institute of Technology,40.921,-94.66,Northern Sotho
845,Nev,Dennison,M,Turquoise,26,FAE Business School - Faculdade de Administração e Economia,40.178,-92.791,West Frisian
846,Carson,Edger,M,Purple,33,University of Negros Occidental-Recoletos,42.573,-96.653,Norwegian
847,Camille,Stellino,F,Teal,25,University of Presov,40.815,-93.324,Ndebele
848,Alessandro,Magrane,M,Puce,27,George Brown College,43.282,-96.356,Swedish
849,Brant,Dabling,M,Crimson,28,Universidad La Gran Colombia,40.467,-94.255,Papiamento
850,Rutter,Bockin,M,Purple,29,Niigata College of Pharmacy,41.826,-94.269,Korean
851,Eliza,Hudless,F,Khaki,38,University of the Philippines Visayas,43.879,-95.654,Indonesian
852,Yolane,Hatwell,F,Yellow,41,Xuzhou Normal University,43.073,-96.721,Tsonga
853,Montague,Crumley,M,Puce,23,Aichi University of Education,41.588,-92.837,Tajik
854,Jule,Geill,M,Goldenrod,39,Kurashiki University of Science and the Arts,42.387,-93.899,Luxembourgish
855,Renaud,Hodgon,M,Indigo,34,Azerbaijan University ol Languages,40.048,-96.699,Swahili
856,Ronna,Kippie,F,Green,36,Moldova State Agricultural University,42.665,-92.508,Assamese
857,Tedda,Strowger,F,Puce,23,Abylai Khan University,41.3,-92.304,Sotho
858,Anjanette,Ranvoise,F,Aquamarine,24,Africa Nazarene University,43.603,-94.861,Kannada
859,Fitzgerald,Suthworth,M,Mauv,38,Universidad de Camagüey,41.51,-96.586,Bengali
860,Pierson,Stodit,M,Blue,45,Delta International University,41.169,-94.027,Assamese
861,Neill,Amor,M,Yellow,38,East Texas Baptist University,43.425,-94.816,Amharic
862,Beauregard,Lisle,M,Khaki,31,Carson-Newman College,41.806,-92.244,Belarusian
863,Kelly,Stother,M,Fuscia,27,Savannah College of Art and Design,43.758,-91.651,Afrikaans
864,Tamarah,McGoldrick,F,Orange,34,Daugavpils University,41.944,-92.451,Hungarian
865,Darill,Clulee,M,Blue,44,Europa-Universität Viadrina Frankfurt (Oder),43.079,-95.454,Azeri
866,Neda,Cant,F,Goldenrod,21,East West University,43.885,-96.436,Tok Pisin
867,Jillayne,Ilyukhov,F,Red,42,University of North Texas,41.358,-95.029,Bulgarian
868,Dorette,Lloyd-Williams,F,Maroon,20,William Penn College,42.759,-92.533,Northern Sotho
869,Brunhilde,Slack,F,Aquamarine,36,Universidad de Morón,42.788,-95.612,Afrikaans
870,Tim,MacKeever,M,Turquoise,35,Universidad Tecnológica Equinoccial,40.142,-90.087,Tok Pisin
871,Briggs,Wilcox,M,Puce,25,Conway School of Landscape Design,40.283,-93.818,Quechua
872,Donaugh,Monckton,M,Pink,27,Universidad Católica del Táchira,42.057,-94.387,Lithuanian
873,Holly,Freeborn,F,Teal,29,Chinese People's Public Security University,43.917,-96.17,Czech
874,Shayla,Bierton,F,Yellow,21,Kansai Gaidai University,41.245,-94.665,Portuguese
875,Gwenni,Ravenscroftt,F,Pink,37,Concordia University College of Alberta,40.785,-92.561,Gagauz
876,Edik,Condliffe,M,Green,20,Universidad Pontificia de Salamanca,43.998,-91.229,Bislama
877,Gloriana,Gommowe,F,Fuscia,27,Michigan Technological University,41.167,-93.222,Kyrgyz
878,Jerri,Horder,M,Teal,25,Fachhochschulstudiengänge Steyr,41.816,-95.698,Dari
879,Wynnie,Niblock,F,Purple,22,Université du Sahel,42.786,-90.336,Amharic
880,Rodger,Dyter,M,Yellow,34,Wadi International University,40.88,-90.218,Papiamento
881,Grantley,Lindelof,M,Purple,32,Columbia Southern University,43.437,-92.303,Kurdish
882,Emmalyn,Foddy,F,Red,33,San Beda College,43.565,-93.685,Hebrew
883,Dosi,Vyse,F,Teal,34,University of Joensuu,40.87,-91.449,Pashto
884,Priscilla,Wadworth,F,Mauv,42,Ave Maria University,42.683,-94.334,Spanish
885,Milt,Klejin,M,Blue,44,Virginia International University,43.884,-90.458,Irish Gaelic
886,Agata,Gilchrest,F,Fuscia,36,International Academy of  Merchandising and Design Chicago,41.979,-92.977,Montenegrin
887,Steffi,Eadington,F,Teal,20,Tashkent Automobile and Roads Institute,43.044,-93.192,Catalan
888,Son,Cadden,M,Goldenrod,26,Technische Universität Clausthal,40.319,-90.328,Filipino
889,Bertie,Saxon,M,Blue,35,American University of Beirut,40.604,-91.421,Tamil
890,Korie,Doche,F,Mauv,42,Tsurumi University,43.974,-90.343,Oriya
891,Mellicent,McArt,F,Crimson,35,Mangalore University,42.809,-96.465,Croatian
892,Cirillo,Oleszkiewicz,M,Mauv,28,United Business Institute,42.64,-95.744,Bengali
893,Corty,Cowton,M,Red,38,Ming Chuan University,43.877,-91.131,Guaraní
894,Osmund,McNickle,M,Purple,30,People' s Friendship University of Russia,41.58,-93.08,Belarusian
895,Rod,Aggs,M,Pink,35,Bunka Women's University,42.006,-94.327,Khmer
896,Ferguson,Schlagman,M,Goldenrod,35,Glion Institute of Higher Education,43.313,-94.84,Macedonian
897,Ethe,Galley,M,Aquamarine,21,Escuela Superior Politécnica del Litoral,43.742,-94.291,Arabic
898,Cathe,Tante,F,Violet,26,Ecole Nationale Supérieur de Mécanique et d'Aéronautique,42.364,-95.352,Tok Pisin
899,Marketa,Lovelady,F,Teal,26,Malekan Payame Nour University,41.81,-90.753,New Zealand Sign Language
900,Koenraad,Brazel,M,Fuscia,29,University of Detroit Mercy,40.105,-96.767,Bosnian
901,Vidovic,Burnett,M,Blue,21,Université de Kisangani,43.807,-93.401,Korean
902,Camel,Aldham,F,Yellow,28,Univesidade Agostinho Neto,43.365,-95.207,English
903,Kendricks,Lillo,M,Pink,31,Mongolian State University of Arts and Culture,40.93,-96.019,Kyrgyz
904,Baird,Bone,M,Aquamarine,29,Katholieke Hogeschool Leuven,41.872,-93.524,Punjabi
905,Paulita,Huston,F,Puce,35,Nagoya University,42.927,-91.292,Icelandic
906,Delcina,Glassard,F,Puce,30,Universitas Hasanuddin,43.757,-95.594,Irish Gaelic
907,Milicent,Sambidge,F,Fuscia,28,Universidad El Bosque,43.628,-95.875,Polish
908,Kira,Furlow,F,Green,38,Universitas Negeri Malang,42.533,-92.806,Amharic
909,Krissie,Gilloran,F,Turquoise,30,Crown College,41.741,-94.354,Korean
910,Edik,Antoniewski,M,Turquoise,44,Bellarmine College,40.159,-93.376,Gagauz
911,Boycie,Tottem,M,Puce,33,"California State University, Channel Islands",40.945,-96.176,Catalan
912,Alexia,Fanton,F,Turquoise,20,Andon College - Modesto,41.195,-90.726,Romanian
913,Liz,Dinan,F,Fuscia,22,Jacobs University Bremen,43.513,-91.854,Maltese
914,Cynde,Tellesson,F,Green,44,Daniel Webster College,43.756,-92.867,Irish Gaelic
915,Christen,Mullins,F,Orange,39,Bahcesehir University,43.771,-90.337,New Zealand Sign Language
916,Amelina,Constantine,F,Fuscia,25,Brooks Institute of Photography,40.764,-96.816,Guaraní
917,Huey,Smeuin,M,Orange,40,"Universidad Autónoma ""Benito Juárez"" de Oaxaca",41.43,-92.729,Thai
918,Gypsy,Lennard,F,Blue,24,Ling Tung University,43.619,-93.47,Sotho
919,Ruthy,Keays,F,Turquoise,26,Wartburg College,41.642,-95.604,Sotho
920,Josephine,Carlyon,F,Crimson,44,"California State University, Bakersfield",40.402,-92.519,Arabic
921,Morey,Stoney,M,Orange,42,China Pharmaceutical University Nanjing,40.056,-92.911,Moldovan
922,Inglebert,Burder,M,Red,29,The Chicago School of Professional Psychology,43.294,-92.763,Dutch
923,Constantia,Chad,F,Puce,29,Universitas Sam Ratulangi,42.857,-96.691,Albanian
924,Filia,Portwaine,F,Green,37,College of Computer Science in Lodz,41.029,-91.5,Chinese
925,Gus,Kynett,F,Yellow,24,Hamdan Bin Mohammed e-University,43.228,-96.142,French
926,Clem,Godin,M,Teal,21,Yasuj University of Medical Sciences,42.677,-96.076,Dzongkha
927,Sergent,Mixworthy,M,Crimson,28,University of the Cordilleras,42.199,-91.372,Bosnian
928,Minetta,Heggman,F,Maroon,41,Technological University (Kyaukse),43.585,-91.996,Norwegian
929,Waldo,Le feaver,M,Puce,26,Fachhochschule Burgenland,42.656,-93.569,Catalan
930,Hanni,Capstack,F,Orange,44,Universidad Católica de Ávila,41.15,-93.318,Kurdish
931,Karel,Hammer,M,Crimson,31,Universidad Nacional de Guinea Ecuatorial,42.212,-92.191,Latvian
932,Franzen,Mumm,M,Maroon,30,Hohai University Changzhou,43.231,-93.772,Maltese
933,Sutherland,Loache,M,Orange,27,Sunway University College,42.143,-93.173,Afrikaans
934,Frannie,Curlis,M,Aquamarine,35,Saba University,41.11,-93.516,French
935,Adella,Suero,F,Goldenrod,29,Bucknell University,42.816,-91.663,Catalan
936,Rockie,Nabbs,M,Pink,30,Concord College,40.1,-96.317,Ndebele
937,Maris,Radborne,F,Teal,44,Ecole Nationale du Génie de l'Eau et de l'Environnement de Strasbourg,41.157,-95.788,Aymara
938,Caroline,Scrowston,F,Maroon,22,Universidad Europea de Madrid,42.616,-92.11,Icelandic
939,Elbert,Beetham,M,Violet,35,Centre Universitaire de Technologie,43.354,-95.868,Somali
940,Davide,Halbard,M,Orange,39,Universidad Central de Nicaragua,42.907,-90.13,Norwegian
941,Kimberley,Dunbleton,F,Aquamarine,38,Shantou University,43.848,-90.433,Fijian
942,Kaiser,Rosedale,M,Goldenrod,26,Erasmus University Rotterdam,41.862,-94.201,Tsonga
943,Nisse,Lorinez,F,Goldenrod,40,Universidad Nacional Jorge Basadre Grohmann,41.51,-91.578,Greek
944,Cecilius,Marsland,M,Pink,29,Tokyo Kasei University,43.352,-90.262,Tetum
945,Burgess,Mirams,M,Fuscia,24,Universidade Estadual de Montes Claros,41.372,-94.804,Dari
946,Benita,Shakespear,F,Teal,29,Irish International University (Distance Education),43.95,-95.183,Māori
947,Sayres,Jovis,M,Purple,39,University of Chicago,42.635,-92.117,Lao
948,Donny,Van Vuuren,M,Blue,29,St. Mary's College of California,40.287,-90.717,Greek
949,Alli,Creed,F,Red,28,Universidad Nacional Agraria La Selva,43.653,-95.812,Papiamento
950,Ansell,Stilgo,M,Crimson,25,Azerbaijan Toursim Institute,42.174,-91.658,Irish Gaelic
951,Stacia,Espinel,F,Pink,24,Hanoi Open University,41.137,-94.284,Dari
952,Jaime,Ofer,M,Teal,28,Chongqing University of Post and Telecommunications,42.117,-92.802,Polish
953,Sal,Blazevic,M,Violet,43,Luxun Academy of Fine Art,43.36,-92.599,Sotho
954,Billy,Batcock,M,Goldenrod,44,Agricultural University of Georgia,43.697,-96.785,Norwegian
955,Amii,Tipper,F,Blue,31,Europäische Fachhochschule,40.97,-90.305,Yiddish
956,Gabby,Kibbe,M,Green,31,Columbus State University,42.743,-91.701,Greek
957,Dugald,Mallison,M,Turquoise,25,Pomeranian Academy of Medicine in Szczecin,41.735,-96.048,Indonesian
958,Philippine,Mossbee,F,Green,37,"Institute of Teachers Education, Sultan Abdul Halim",43.778,-94.159,Mongolian
959,Kelley,Leyborne,M,Blue,41,Universidad Nacional de San Juan,40.823,-91.107,Czech
960,Corena,Rowlatt,F,Fuscia,35,College in Sládkovičovo,41.356,-92.539,Quechua
961,Brook,Scotson,F,Orange,24,Universidad Diego Portales,43.419,-95.718,Tswana
962,Cornie,Isaaksohn,F,Goldenrod,22,Ural Gorkij State University,42.968,-95.199,Dzongkha
963,Nollie,Knapper,M,Puce,42,Multimedia University,41.348,-92.783,Polish
964,Hoebart,Denerley,M,Puce,30,National Defence Medical College,43.77,-91.554,English
965,Gretna,Briant,F,Yellow,43,Madison University (Distance Education),42.687,-96.626,New Zealand Sign Language
966,Erasmus,Belliveau,M,Fuscia,22,Universitas Hasanuddin,40.925,-93.858,Japanese
967,Hermine,Clell,F,Teal,30,East Texas Baptist University,42.827,-95.672,Spanish
968,Susann,Hanby,F,Violet,42,Dakota State University,40.073,-94.73,Lithuanian
969,Gibby,Gadd,M,Khaki,31,China Academy of Art,41.556,-93.206,Dari
970,Pamelina,Doding,F,Green,33,North Georgia College,42.957,-93.931,Indonesian
971,Karoline,Capron,F,Indigo,42,Université Libre de Tunis,41.993,-93.689,German
972,Janek,Rohmer,M,Crimson,29,Universidad del Norte,43.907,-95.092,Moldovan
973,Frederich,Della Scala,M,Aquamarine,41,Maritime University in Szczecin,43.397,-91.063,Telugu
974,Clarey,Keyworth,F,Yellow,32,University of Ulster,40.254,-93.093,Guaraní
975,Nissa,Imore,F,Indigo,23,Jahrom University of Medical Sciences,40.068,-92.734,English
976,Chane,Hitcham,M,Crimson,36,Universidad de Buenos Aires,42.798,-90.134,Tamil
977,Toinette,Wickham,F,Orange,33,College of St. Elizabeth,42.416,-93.129,Dzongkha
978,Mile,Britee,M,Blue,43,Universidad Privada del Norte,42.422,-92.6,Luxembourgish
979,Marabel,Treat,F,Mauv,40,Coventry University,41.705,-94.832,Hebrew
980,Tiffy,Conner,F,Indigo,24,Nanhua University,41.55,-95.432,Kashmiri
981,Ilise,Bradburn,F,Green,22,Université Mohammed V - Souissi,42.364,-95.092,Tamil
982,Gale,Hasslocher,M,Aquamarine,42,Universitas Klabat,43.6,-94.069,Tswana
983,Kevan,Eggins,M,Teal,29,Kobe Shinwa Women's University,42.593,-93.28,Fijian
984,Romain,Beveredge,M,Violet,30,Meredith College,41.219,-96.648,Tajik
985,Roosevelt,Gladden,M,Green,27,New College of Florida,40.829,-92.296,Somali
986,Jacklin,Jermin,F,Indigo,24,Khurasan University,42.694,-95.123,Spanish
987,Samuel,Aucott,M,Violet,35,Debre Markos University,41.041,-94.405,Kannada
988,Susana,Espy,F,Indigo,36,Sheridan College,42.341,-95.175,Tajik
989,Elliott,Jaggard,M,Fuscia,41,Olivet Nazarene University,43.171,-95.281,Albanian
990,Fanny,Teresi,F,Blue,23,Brigham Young University,42.758,-93.132,Romanian
991,Kurtis,Trahair,M,Puce,25,Caucasus University,41.453,-90.592,Filipino
992,Haslett,Terry,M,Purple,40,Trinity Christian College,41.018,-96.656,Thai
993,Lishe,D'Enrico,F,Blue,25,Shanxi University,43.315,-95.638,Bulgarian
994,Amii,Skerman,F,Turquoise,21,Sistema Universitario Ana G. Méndez,40.063,-93.163,Swahili
995,Roldan,Skerme,M,Puce,38,Universidad Autónoma Gabriel René Moreno,42.684,-95.458,Luxembourgish
996,Arvin,Roullier,M,Teal,37,Université de Haute-Alsace,42.889,-95.145,Yiddish
997,Mureil,Palethorpe,F,Puce,32,International College of Tourism and Hotel Management,43.315,-93.675,Azeri
998,Rene,Wharf,M,Red,37,Imo State University,42.517,-90.119,Hebrew
999,Jenn,Ockleshaw,F,Crimson,23,Universidad del Pacifico,41.463,-94.961,Hindi
1000,Cam,Sadlier,M,Violet,40,Zachodniopomorska School of Science and Engineering,41.488,-93.683,Yiddish
